Date,HFI,CA,EM,EMN,ED,EDD,EDM,EDRA,FIA,GM,LE,MF,M,rf,SP500,MSCI_WORLD,Corp3y,Corp10y,spread_mat,Mom,high_yield,inv_grade,default_spread
1996-12-31,0.0031,0.0085,0.0243,0.0095,0.0188,0.0219,0.017,0.0112,0.0175,-0.0076,0.0082,-0.0183,0.0226,0.0521,-0.021505376344086,-0.013822793386792001,0.06475,0.07337727272727274,0.008627272727272733,0.63,0.1394181818181818,0.06849545454545455,0.07092272727272725
1997-01-31,0.0548,0.0103,0.0946,0.0317,0.023,0.0242,0.0233,0.0128,0.0148,0.0821,0.0349,0.03,0.0153,0.051500000000000004,0.0613170613170612,0.0370490400694829,0.06331052631578947,0.07157894736842105,0.008268421052631578,1.96,0.13523157894736842,0.06731052631578947,0.06792105263157895
1997-02-28,0.013,0.0133,0.0769,0.0197,0.0149,0.0216,0.0103,0.0022,0.011,0.0182,-0.0158,0.0143,0.0235,0.052199999999999996,0.0059275465554087204,0.014298616232703001,0.066305,0.07449,0.008184999999999998,-2.13,0.133305,0.07061,0.062695
1997-03-31,-0.0141,0.0094,-0.0078,-0.0115,0.0018,0.0038,0.0008,-0.0042,0.0072,-0.0217,-0.0227,-0.0095,0.0053,0.0535,-0.0426139955995044,-0.0205409285781408,0.06833181818181817,0.07652272727272727,0.008190909090909096,0.9,0.13704545454545453,0.07226363636363635,0.06478181818181818
1997-04-30,0.0286,0.0102,0.0197,0.0121,0.0033,0.0052,0.0048,-0.0167,0.0124,0.0595,0.0001,-0.0269,0.0056,0.0528,0.0584055367709215,0.0445039312120465,0.06660454545454546,0.0747,0.008095454545454545,4.84,0.13508636363636364,0.07033181818181818,0.06475454545454547
1997-05-31,0.0088,0.0168,0.0297,0.0303,0.0291,0.0345,0.0268,0.0131,0.0101,-0.0202,0.0514,-0.0076,0.011,0.0496,0.058576883719769296,0.0411350614737127,0.06494285714285715,0.07223333333333333,0.0072904761904761806,-5.17,0.13015714285714283,0.06826666666666666,0.061890476190476176
1997-06-30,0.0226,0.0209,0.0681,0.0118,0.017,0.0113,0.0208,0.0239,0.0087,0.021,0.0228,0.0021,0.0127,0.0525,0.0434526335643892,0.047914229060936606,0.06317727272727272,0.06945454545454545,0.0062772727272727286,2.6,0.1310181818181818,0.06575,0.06526818181818181
1997-07-31,0.0699,0.0211,0.0646,0.0326,0.0358,0.0353,0.0393,0.0121,0.0109,0.1013,0.0703,0.0569,0.0103,0.0525,0.0781232347425264,0.0634129779505128,0.06370454545454546,0.07028181818181818,0.006577272727272723,3.77,0.12661363636363634,0.06659090909090909,0.060022727272727255
1997-08-31,-0.0126,0.0175,-0.0365,-0.0092,-0.0026,-0.0091,0.0013,0.0057,0.0082,-0.0241,0.0062,-0.0727,0.0126,0.0524,-0.0574458497940877,-0.0672837567391481,0.06322380952380953,0.06941904761904762,0.006195238095238087,-2.56,0.12170952380952381,0.06578095238095238,0.055928571428571425
1997-09-30,0.0399,0.0103,0.0278,0.0181,0.025,0.0297,0.0227,0.0148,0.0115,0.0463,0.0591,0.0363,0.024,0.0506,0.053153523741758996,0.050391285956006907,0.06217391304347826,0.06770869565217391,0.005534782608695651,1.47,0.11851739130434781,0.0646086956521739,0.053908695652173905
1997-10-31,-0.0164,0.0046,-0.0786,0.0081,0.0045,0.0122,-0.0005,0.0002,-0.0158,-0.0189,-0.0084,-0.0073,0.0312,0.0521,-0.0344776623595979,-0.062114006385205395,0.06271428571428571,0.06720952380952382,0.004495238095238108,-0.57,0.12666190476190475,0.06414761904761905,0.0625142857142857
1997-11-30,0.01,-0.0082,-0.0476,-0.0038,0.0133,0.0184,0.0097,0.0109,0.004,0.0346,-0.0122,-0.0068,0.0073,0.052199999999999996,0.0445868229428614,0.0301194098155039,0.06317272727272727,0.06685909090909091,0.0036863636363636404,0.33,0.1311090909090909,0.06348181818181818,0.06762727272727272
1997-12-31,0.0322,0.0101,0.043,0.0004,0.0191,0.0039,0.0298,0.0201,0.0071,0.0514,0.0155,0.0282,0.0107,0.0536,0.015731630730583902,0.0218783336487016,0.059690909090909086,0.06443636363636364,0.004745454545454553,3.98,0.1266590909090909,0.06111363636363637,0.06554545454545452
1998-01-31,-0.0121,0.0084,-0.059,0.0091,0.0173,0.0376,-0.002,-0.0054,-0.0084,-0.0218,-0.0093,0.0087,0.003,0.0519,0.010150139628824299,0.027850608242470497,0.06026190476190476,0.06521904761904762,0.004957142857142861,0.14,0.1254333333333333,0.061766666666666664,0.06366666666666665
1998-02-28,0.0196,0.0163,0.02,0.0185,0.0256,0.028,0.0217,0.0381,0.0081,0.0021,0.0564,-0.0028,0.0154,0.053200000000000004,0.0704492593952748,0.062127782898051896,0.06128636363636364,0.06599545454545455,0.004709090909090913,-1.12,0.12424090909090908,0.0624590909090909,0.06178181818181818
1998-03-31,0.0594,0.0142,0.0363,0.0197,0.0248,0.0127,0.0382,0.0238,0.0161,0.1016,0.0503,0.0106,0.0156,0.0516,0.049945680141803395,0.0507897528173852,0.06109047619047619,0.06576666666666667,0.00467619047619048,2.15,0.1254333333333333,0.062319047619047614,0.0631142857142857
1998-04-30,0.0095,0.0127,-0.0018,0.0029,0.0073,0.0051,0.009,0.0164,-0.0001,0.0157,0.0114,-0.0403,0.0181,0.05,0.00907646925346039,0.00137086926211682,0.06120909090909091,0.0660409090909091,0.004831818181818187,0.74,0.13036363636363635,0.0625090909090909,0.06785454545454545
1998-05-31,0.0026,0.0065,-0.0978,0.0131,-0.012,-0.0141,-0.011,0.0023,-0.0021,0.0337,-0.0169,0.0325,0.0122,0.050300000000000004,-0.018826174949404098,-0.00656812723687783,0.06058181818181819,0.06472727272727273,0.0041454545454545424,1.82,0.1333090909090909,0.06144545454545455,0.07186363636363635
1998-06-30,0.0159,-0.0037,-0.0468,0.0047,-0.0079,0.0031,-0.0201,-0.0053,-0.0108,0.0328,0.034,0.0091,0.0024,0.051,0.039438220788031,0.0245508130105198,0.060160869565217386,0.06477391304347827,0.0046130434782608795,7.28,0.1348217391304348,0.061169565217391295,0.0736521739130435
1998-07-31,0.009,0.0052,0.0008,-0.001,0.0004,0.0039,-0.0027,-0.0037,0.0048,0.018,0.0061,-0.0112,0.007,0.051,-0.0116153954702602,0.00039593234032730897,0.05894761904761905,0.06473333333333334,0.00578571428571429,3.69,0.14094761904761904,0.060290476190476186,0.08065714285714286
1998-08-31,-0.0755,-0.0464,-0.2303,-0.0085,-0.1177,-0.1245,-0.1152,-0.0615,-0.0146,-0.0484,-0.1143,0.0995,0.0115,0.0496,-0.14579671089616,-0.139197160510539,0.056777272727272725,0.06409090909090909,0.0073136363636363624,1.84,0.16394090909090908,0.058454545454545453,0.10548636363636363
1998-09-30,-0.0231,-0.0323,-0.074,0.0095,-0.0296,-0.0143,-0.0474,-0.0065,-0.0374,-0.0512,0.0347,0.0687,0.0057,0.0437,0.062395537355841496,-0.0024081549428479603,0.05379130434782609,0.06326521739130435,0.009473913043478256,-0.81,0.17813913043478258,0.05577826086956522,0.12236086956521736
1998-10-31,-0.0457,-0.0468,0.0168,0.0248,0.0066,0.0089,0.0026,0.0241,-0.0696,-0.1155,0.0174,0.0121,-0.0476,0.0433,0.0802941957306222,0.0702709201667202,0.058219047619047615,0.0653904761904762,0.007171428571428579,-5.37,0.17105238095238096,0.057942857142857136,0.11310952380952383
1998-11-30,0.0136,0.0206,0.0468,0.021,0.0277,0.0317,0.0241,0.0204,0.0155,-0.0108,0.0374,-0.018,0.0195,0.045700000000000005,0.0591260342049932,0.0711191993629252,0.055813636363636364,0.06232272727272727,0.006509090909090909,1.2,0.18444545454545452,0.05564090909090909,0.12880454545454545
1998-12-31,0.0303,0.0035,-0.0384,0.0124,0.017,0.0155,0.0189,0.0155,0.0173,0.0234,0.0656,0.028,0.0132,0.044800000000000006,0.056375308302467106,0.0347810380590578,0.056557142857142854,0.06321428571428571,0.0066571428571428545,8.92,0.17600000000000002,0.056485714285714285,0.11951428571428574
1999-01-31,0.008,0.0227,-0.0292,0.0069,0.0188,0.0222,0.0178,-0.0151,0.019,-0.0288,0.0497,-0.0314,0.0163,0.044800000000000006,0.0410094123963782,0.0320759200303608,0.05850476190476191,0.06538095238095237,0.006876190476190466,3.03,0.1838190476190476,0.05903809523809524,0.12478095238095237
1999-02-28,-0.0131,0.0122,0.0117,0.0061,-0.0005,0.0007,-0.0006,-0.0137,0.0152,-0.016,-0.0314,-0.0054,0.0126,0.0466,-0.0322825169578945,-0.015394939277881402,0.05887826086956521,0.0668,0.007921739130434785,-0.1,0.1914434782608696,0.06048260869565218,0.1309608695652174
1999-03-31,0.0122,0.0104,0.0743,0.0135,0.0239,0.0289,0.0181,0.0256,0.0134,-0.02,0.0376,-0.0107,0.0022,0.0449,0.038794182487705095,0.043018259876036205,0.05739545454545454,0.06612727272727273,0.008731818181818188,-1.27,0.1989181818181818,0.059763636363636366,0.13915454545454542
1999-04-30,0.0263,0.0214,0.0649,0.0202,0.0307,0.0314,0.0297,0.0339,0.0163,0.0179,0.0329,0.0267,0.0029,0.0455,0.037943981902563005,0.0428876972393137,0.05994761904761905,0.06930476190476191,0.009357142857142862,-9.04,0.1869333333333333,0.06281904761904761,0.1241142857142857
1999-05-31,0.0013,0.0189,-0.0123,0.0144,0.0217,0.0243,0.0186,0.0247,0.0088,-0.0005,-0.0082,-0.0293,0.0038,0.0466,-0.0249704159738762,-0.0317306203287881,0.06386818181818182,0.07332727272727273,0.009459090909090903,-5.19,0.1847954545454545,0.06655,0.11824545454545451
1999-06-30,0.0328,0.0081,0.049,0.0192,0.0293,0.0249,0.0357,0.0122,0.0075,0.0302,0.0465,0.0276,-0.0205,0.0478,0.054438333435752495,0.0489510195191704,0.06370434782608696,0.07276956521739131,0.00906521739130435,5.06,0.1804913043478261,0.06597391304347826,0.11451739130434783
1999-07-31,0.0026,0.0109,-0.0155,0.0166,0.0132,0.0196,0.0067,0.0016,0.0049,-0.0191,0.0154,-0.0072,0.0101,0.0475,-0.0320460985932935,-0.0205241734057428,0.06679090909090908,0.07452272727272727,0.007731818181818187,1.66,0.17703181818181818,0.06858181818181817,0.10845
1999-08-31,-0.009,0.0023,-0.0266,0.0111,0.0011,0.0019,-0.0005,0.008,-0.0041,-0.0285,-0.0027,-0.0032,0.0099,0.049800000000000004,-0.0062541393220543195,-0.00458082811295068,0.06729545454545455,0.07497727272727273,0.0076818181818181785,3.12,0.1847136363636364,0.06838181818181818,0.11633181818181823
1999-09-30,-0.0032,0.0139,-0.0065,0.0022,0.0104,0.0173,0.0011,0.0216,0.0074,-0.0318,0.006,0.0181,0.0004,0.048799999999999996,-0.0285517377178301,-0.0194570303337078,0.06874090909090909,0.07657727272727272,0.007836363636363627,6.47,0.1841454545454545,0.06969545454545456,0.11444999999999994
1999-10-31,0.0237,0.007,0.0366,0.0082,0.0035,-0.003,0.0096,0.0175,0.0091,0.0244,0.0439,-0.0482,0.0009,0.0512,0.0625394672217414,0.051490122508593,0.06847727272727272,0.0753,0.006822727272727286,5.5,0.19774090909090908,0.06856818181818182,0.12917272727272727
1999-11-30,0.0496,0.013,0.0929,0.0156,0.0204,0.0155,0.0273,0.0052,0.0078,0.044,0.0831,-0.0052,0.0271,0.053,0.0190618740507582,0.0365683779873273,0.07049130434782609,0.0770695652173913,0.006578260869565214,5.64,0.1982391304347826,0.07056086956521739,0.12767826086956524
1999-12-31,0.0853,0.009,0.1534,0.0096,0.0309,0.019,0.0466,0.0047,0.0097,0.0924,0.1301,0.0235,0.0251,0.0533,0.0578439207724041,0.0794197518860759,0.07345714285714286,0.08059047619047618,0.007133333333333325,13.22,0.20611904761904762,0.07439047619047619,0.13172857142857142
2000-01-31,-0.001,0.0259,-0.0152,0.0142,0.0051,0.0042,0.0065,0.0015,0.0054,-0.0242,0.0052,0.0001,0.0195,0.0576,-0.050903522205206594,-0.0468537355814422,0.07497619047619047,0.07983809523809524,0.004861904761904762,1.92,0.2040857142857143,0.07394761904761904,0.13013809523809525
2000-02-29,0.0649,0.0337,0.0604,0.0079,0.023,0.0049,0.0438,0.0352,0.0057,0.0443,0.1114,-0.021,0.0189,0.057800000000000004,-0.0201081422199274,0.011939058405012899,0.07456521739130434,0.07926956521739131,0.004704347826086974,18.2,0.2061,0.07312608695652174,0.13297391304347828
2000-03-31,-0.0212,0.0346,0.031,0.0224,0.006,0.0015,0.0118,0.0005,-0.0015,-0.0245,-0.0398,-0.0131,0.0215,0.0588,0.0967198957860686,0.058520361601855,0.074805,0.07888,0.004075000000000009,-6.83,0.204085,0.071935,0.13215
2000-04-30,-0.0463,0.0357,-0.0776,0.0144,-0.0073,-0.0132,-0.0049,0.0181,0.0093,-0.0535,-0.0746,-0.0228,0.0092,0.0582,-0.0307958200429738,-0.023742763003881603,0.0792913043478261,0.08480434782608695,0.005513043478260857,-8.39,0.2089478260869565,0.07639565217391305,0.13255217391304347
2000-05-31,-0.0117,0.0194,-0.0413,0.0146,0.0002,0.0,-0.0003,0.0068,0.0002,0.0232,-0.0345,0.0058,0.0087,0.056299999999999996,-0.021914997624670498,-0.0253169427118611,0.07708181818181818,0.0819,0.004818181818181819,-8.98,0.22480454545454545,0.07351818181818183,0.1512863636363636
2000-06-30,0.0366,0.0197,0.0553,0.0182,0.0194,0.0202,0.0192,0.0143,0.0093,0.0132,0.0613,-0.0112,0.0213,0.0588,0.0239335492045613,0.0200874661261538,0.07592380952380952,0.08104285714285714,0.00511904761904762,16.6,0.21754761904761902,0.07283333333333333,0.14471428571428568
2000-07-31,0.0011,0.0146,0.0058,0.0123,0.005,-0.0024,0.0097,0.0158,0.0055,0.0181,-0.0063,-0.0205,-0.0029,0.06269999999999999,-0.0163412622026674,-0.015709788718325398,0.07464347826086956,0.07906956521739131,0.0044260869565217464,-0.05,0.22393043478260868,0.07099130434782609,0.15293913043478258
2000-08-31,0.0339,0.0169,0.0432,0.0143,0.0171,0.0177,0.0169,0.0157,0.0067,0.0292,0.049,0.0123,0.0064,0.06309999999999999,0.0606990348259401,0.0401659960448397,0.07264545454545454,0.07917727272727274,0.006531818181818194,5.73,0.22408636363636364,0.07021818181818182,0.15386818181818182
2000-09-30,-0.0041,0.0202,-0.0679,-0.0014,0.0061,-0.0031,0.0129,0.0101,0.0075,-0.0087,-0.0071,-0.0334,0.0064,0.0623,-0.053482947656950094,-0.05118779846584261,0.07280454545454546,0.0783,0.0054954545454545395,1.97,0.24167727272727274,0.06932727272727272,0.17235
2000-10-31,-0.0109,0.0109,-0.0247,0.0081,-0.0005,-0.0009,-0.0005,0.0035,0.0029,0.0126,-0.0254,0.0076,-0.0182,0.0638,-0.00494949565265812,-0.0055824363545746705,0.07431818181818181,0.07858636363636363,0.004268181818181824,-4.48,0.25692272727272725,0.0694,0.18752272727272723
2000-11-30,-0.0155,-0.0047,-0.0364,0.0028,-0.0077,-0.0106,-0.0068,0.0028,0.007,0.0363,-0.038,0.0668,0.0025,0.0621,-0.08006856023506369,-0.0633519993367063,0.07116190476190476,0.07546190476190477,0.004300000000000012,-2.32,0.283247619047619,0.06476666666666667,0.21848095238095236
2000-12-31,0.0266,0.0044,0.0232,0.0128,0.0042,0.0014,0.005,0.0139,0.0032,0.0505,0.0342,0.0776,0.0138,0.058899999999999994,0.00405338606030647,-0.00491830834063544,0.06514090909090908,0.07331363636363636,0.008172727272727276,6.74,0.2765772727272727,0.06127272727272727,0.21530454545454547
2001-01-31,0.0094,0.0268,0.0435,0.0213,0.0246,0.0289,0.022,0.0191,0.0142,0.0332,-0.0058,-0.0003,0.0164,0.0499,0.03463659223801,0.0255776715623068,0.061849999999999995,0.07183500000000001,0.009985000000000015,-25.3,0.230325,0.06011999999999999,0.170205
2001-02-28,-0.0059,0.0212,-0.0289,0.0089,0.0159,0.0192,0.0134,0.0149,0.0053,0.0099,-0.0242,0.0015,0.0024,0.048499999999999995,-0.0922906860125474,-0.079529506701284,0.05827826086956522,0.06965217391304349,0.011373913043478269,12.57,0.22945217391304346,0.057434782608695646,0.17201739130434782
2001-03-31,-0.0034,0.0142,-0.0129,0.0092,0.0012,0.0138,-0.0085,0.0033,0.0024,0.0274,-0.0194,0.0488,0.0009,0.043,-0.0642047195832057,-0.0493790690853802,0.05817,0.07203,0.013859999999999997,8.55,0.26032,0.05809,0.20223
2001-04-30,0.0069,0.0122,-0.0052,0.0144,0.0093,0.0099,0.0093,0.005,0.0132,0.0069,0.0077,-0.0549,0.0129,0.0395,0.0768143545370714,0.06843039677801639,0.05466956521739131,0.07304782608695652,0.018378260869565212,-7.9,0.2421,0.05850434782608696,0.18359565217391305
2001-05-31,0.0083,0.0069,0.0239,0.0064,0.011,0.0242,0.0028,0.0131,0.0052,0.0214,0.004,0.0083,0.0061,0.0363,0.0050901989659533,-0.00902143398476551,0.052377272727272724,0.07165454545454546,0.019277272727272733,2.21,0.24897727272727274,0.05684090909090909,0.19213636363636366
2001-06-30,0.0058,0.0013,0.0163,0.0029,0.0103,0.0265,0.0011,-0.0043,0.005,0.0103,0.0042,-0.0084,-0.0028,0.0365,-0.0250035833160802,-0.0263155403280185,0.05168636363636364,0.07128636363636363,0.019599999999999992,0.38,0.2580772727272727,0.0565,0.20157727272727272
2001-07-31,-0.0002,0.0108,-0.0295,0.0022,0.0047,0.01,0.0014,0.0068,0.0091,0.0069,-0.0072,0.0015,0.0058,0.0354,-0.010772447362832999,-0.021846346319850597,0.048208695652173915,0.06879130434782608,0.02058260869565217,5.58,0.24737391304347825,0.053613043478260874,0.19376086956521738
2001-08-31,0.0092,0.015,-0.0108,0.0101,0.0155,0.0125,0.0181,0.0101,0.0064,0.01,0.0045,0.0252,0.0093,0.0337,-0.0641018633950611,-0.0635865603393051,0.04424444444444444,0.06888333333333334,0.024638888888888898,5.53,0.2667111111111111,0.0506,0.21611111111111111
2001-09-30,-0.0083,0.0074,-0.0438,-0.0005,-0.0154,-0.0079,-0.0188,-0.0265,0.0018,0.0117,-0.0157,0.0365,-0.0049,0.024,-0.0817297891058999,-0.08996473266415811,0.041408695652173914,0.0674,0.025991304347826087,11.48,0.27795652173913044,0.04793913043478261,0.23001739130434784
2001-10-31,0.0044,0.0111,0.0219,0.0072,0.0135,0.0235,0.009,-0.0001,0.0155,0.0118,-0.008,0.034,0.0065,0.020499999999999997,0.018099025880454,0.0247428185556881,0.042263636363636364,0.06818636363636363,0.025922727272727264,-8.47,0.2613,0.04798636363636364,0.21331363636363634
2001-11-30,0.0054,0.0071,0.0396,0.0082,0.0085,0.0076,0.0091,0.0081,-0.0027,-0.0037,0.011,-0.0862,0.0038,0.0178,0.0751759799203608,0.061504350344726504,0.04388499999999999,0.07106,0.027175000000000005,-8.69,0.26952000000000004,0.050499999999999996,0.21902000000000005
2001-12-31,0.0119,0.0032,0.0482,-0.0008,0.0107,0.0162,0.0078,0.0067,0.0023,0.0247,0.0124,0.0215,-0.0024,0.0174,0.007573829479134539,0.010341326940354001,0.04194090909090909,0.07005454545454545,0.02811363636363636,0.07,0.2676454545454545,0.04965909090909091,0.21798636363636362
2002-01-31,0.0054,0.0112,0.0276,0.0012,0.0118,0.0158,0.0108,0.0029,0.0103,0.0264,-0.006,-0.0127,-0.0003,0.0176,-0.0155698209184028,-0.020120693498189103,0.045744999999999994,0.07007,0.024325,3.75,0.25827,0.050140000000000004,0.20812999999999998
2002-02-28,-0.0056,-0.0315,0.0289,0.0003,-0.0034,-0.0063,-0.0004,-0.0122,0.0087,0.0052,-0.0099,-0.024,-0.0027,0.0179,-0.0207672132992556,-0.0112062989245033,0.05015238095238095,0.07301904761904762,0.022866666666666674,6.82,0.2521333333333333,0.05500476190476191,0.1971285714285714
2002-03-31,0.0074,-0.0002,0.0395,0.008,0.0119,0.0123,0.0118,0.01,0.0063,-0.0019,0.0091,-0.0091,0.007,0.0179,0.0367325139008183,0.038300260114586704,0.04963181818181818,0.07172727272727272,0.022095454545454543,-1.64,0.23895,0.05522727272727272,0.18372272727272726
2002-04-30,0.0079,0.0121,0.0012,0.0053,0.0074,0.0089,0.0063,0.0088,0.0135,0.017,0.0061,-0.0161,0.008,0.0177,-0.061411302991625,-0.0470805730650965,0.0502695652173913,0.0737695652173913,0.023499999999999993,7.63,0.2139434782608696,0.05388260869565218,0.16006086956521742
2002-05-31,0.0067,0.0023,-0.0073,0.0129,0.0012,0.0019,0.0009,0.0003,0.0144,0.0078,0.008,0.0351,0.0085,0.0174,-0.00908689935408635,-0.0129763085182551,0.04491428571428571,0.07038571428571429,0.025471428571428575,3.16,0.21700476190476192,0.052038095238095244,0.16496666666666668
2002-06-30,-0.0084,-0.0033,-0.0375,0.0052,-0.0293,-0.0379,-0.0262,-0.0117,0.0065,0.0142,-0.0126,0.0863,0.0009,0.017,-0.07245900975703129,-0.0785174955566246,0.044178260869565215,0.07114347826086957,0.026965217391304357,6.03,0.2339695652173913,0.05079565217391304,0.18317391304347824
2002-07-31,-0.0135,-0.0155,-0.0119,0.0184,-0.031,-0.0427,-0.0239,-0.0273,0.0108,0.0215,-0.0295,0.0612,-0.0095,0.0171,-0.0789999979086987,-0.085103649018966,0.04370869565217391,0.07049565217391304,0.02678695652173913,3.77,0.24820869565217393,0.046952173913043474,0.20125652173913045
2002-08-31,0.0085,0.006,0.0126,0.0057,0.0027,0.0028,0.0044,-0.0123,0.0123,0.0122,0.0101,0.0336,0.0083,0.0169,0.00488587885947966,-2.66113544736823e-05,0.042180952380952375,0.06666666666666667,0.02448571428571429,1.9,0.2580047619047619,0.044419047619047615,0.2135857142857143
2002-09-30,0.0008,0.0137,-0.0198,-0.0003,-0.002,-0.0025,-0.0012,-0.0056,-0.0114,0.0076,-0.0047,0.0411,0.0084,0.015700000000000002,-0.110022218096884,-0.11162281836528001,0.04473478260869565,0.06848260869565218,0.023747826086956525,9.13,0.26593478260869563,0.04645652173913044,0.21947826086956518
2002-10-31,-0.0004,0.0103,0.0238,0.0041,-0.0018,-0.0072,0.001,0.0052,-0.0227,0.0072,0.0008,-0.0503,0.01,0.0144,0.0864456092373231,0.07305224793429671,0.03976363636363636,0.06569090909090909,0.02592727272727273,-5.58,0.2420136363636364,0.04507272727272727,0.19694090909090914
2002-11-30,0.0109,0.0192,0.0224,0.0031,0.0257,0.0391,0.0205,0.0021,-0.0053,0.0123,0.0057,-0.0209,0.0176,0.012199999999999999,0.0570708433169639,0.052244095281964,0.036071428571428574,0.06291428571428571,0.02684285714285714,-16.33,0.22386666666666663,0.04404761904761905,0.17981904761904757
2002-12-31,0.0107,0.0166,-0.0053,0.0082,0.0099,0.0117,0.0093,0.0053,0.0132,0.0085,0.0076,0.055,0.0054,0.012199999999999999,-0.060337216483629996,-0.0651365504880856,0.03290909090909091,0.05931363636363637,0.02640454545454546,9.64,0.2060727272727273,0.04332727272727273,0.16274545454545458
2003-01-31,0.0128,0.0302,-0.0045,0.0031,0.0227,0.0312,0.0198,-0.0039,0.0126,0.0203,-0.0007,0.0607,0.0147,0.0118,-0.0274138172267459,-0.0372741118191822,0.030684999999999997,0.0582,0.027515000000000005,1.55,0.20718,0.04185,0.16533
2003-02-28,0.0068,0.0139,0.0102,-0.0006,0.0063,0.0089,0.0063,-0.0071,0.0099,0.0187,-0.0021,0.0643,0.0011,0.012,-0.0170032741618877,-0.0178814736207731,0.03097142857142857,0.056590476190476184,0.025619047619047614,1.17,0.2044761904761905,0.04063333333333333,0.16384285714285718
2003-03-31,0.0026,0.0095,0.01,0.0079,0.0101,0.0119,0.0105,-0.0027,0.0042,-0.0066,0.0043,-0.061,0.0076,0.011399999999999999,0.00835653370824851,-0.007723694500536,0.02974285714285714,0.056433333333333335,0.026690476190476195,1.48,0.18121904761904759,0.040914285714285716,0.14030476190476188
2003-04-30,0.0196,0.0142,0.0389,0.004,0.0251,0.0327,0.0203,0.0152,0.0125,0.0216,0.0244,0.0139,0.0155,0.0113,0.0810402941925134,0.08044748025898979,0.025482608695652175,0.05120434782608695,0.025721739130434778,-9.33,0.16213913043478262,0.037308695652173915,0.1248304347826087
2003-05-31,0.0271,0.0176,0.0501,0.0122,0.0235,0.0227,0.0237,0.0256,0.0128,0.0296,0.0368,0.0514,0.0196,0.0111,0.0508997552665675,0.040008088170980304,0.02263333333333333,0.04871904761904762,0.02608571428571429,-10.7,0.1493857142857143,0.03526190476190476,0.11412380952380953
2003-06-30,0.0083,-0.0062,0.0202,0.0046,0.018,0.0263,0.0128,0.0075,0.0034,0.0163,0.0079,-0.0221,0.011,0.009000000000000001,0.011326535398783,0.0194275438029869,0.024378260869565217,0.05426086956521739,0.029882608695652173,-1.0,0.14640434782608694,0.039491304347826085,0.10691304347826086
2003-07-31,0.0008,-0.0035,0.0056,0.0068,0.0095,0.0114,0.0081,0.0048,-0.0098,-0.0011,0.0027,-0.0275,0.0034,0.0096,0.0162216371477952,0.0274844345311906,0.027954545454545454,0.05903636363636364,0.031081818181818183,-0.24,0.14498181818181818,0.04369090909090909,0.1012909090909091
2003-08-31,0.0076,-0.0091,0.0298,0.0006,0.0086,0.0102,0.0064,0.0116,0.0021,0.013,0.0104,0.0106,0.0073,0.0098,0.0178764423908539,0.0226271219622535,0.025745454545454547,0.056577272727272726,0.03083181818181818,-0.62,0.1386090909090909,0.041136363636363645,0.09747272727272727
2003-09-30,0.0152,0.0197,0.0265,0.0106,0.018,0.0221,0.0147,0.0095,0.0116,0.0304,0.0121,-0.016,0.0168,0.0095,-0.0119510172546539,-0.016779965482363,0.025608695652173913,0.05635217391304348,0.030743478260869567,-0.19,0.1291,0.0406,0.0885
2003-10-31,0.0138,0.0167,0.0225,0.0067,0.0153,0.0198,0.011,0.0121,0.0046,0.0009,0.0246,0.0078,0.0121,0.0096,0.0549708592767983,0.0533906409928524,0.02701904761904762,0.05597619047619047,0.02895714285714285,3.99,0.12797619047619047,0.040999999999999995,0.08697619047619047
2003-11-30,0.0108,0.0125,0.0117,0.0033,0.0121,0.0121,0.0134,0.0042,0.0052,0.0055,0.017,0.0054,0.0088,0.009300000000000001,0.0071285784224523994,0.0052324623929134095,0.025827272727272726,0.055086363636363635,0.029259090909090908,1.46,0.12244545454545454,0.04065454545454546,0.08179090909090908
2003-12-31,0.0195,0.007,0.0356,0.0093,0.0149,0.0173,0.0129,0.01,0.008,0.0186,0.024,0.0542,0.0232,0.0095,0.050757013412813905,0.0441008612421711,0.023836363636363638,0.05338636363636364,0.029550000000000003,-5.57,0.1085,0.03916363636363637,0.06933636363636363
2004-01-31,0.017,0.0142,0.0253,0.0082,0.0216,0.0242,0.0201,0.0083,0.0123,0.0145,0.02,0.0109,0.016,0.0092,0.0172777471099878,0.016268885886201002,0.023709523809523812,0.052885714285714286,0.029176190476190474,2.58,0.11315714285714285,0.038857142857142854,0.07429999999999999
2004-02-29,0.014,0.0029,0.0139,0.0079,0.0095,0.0089,0.0105,0.005,0.0087,0.0119,0.0175,0.0689,0.0039,0.0096,0.012213392092419,0.0165788794194507,0.02223913043478261,0.05084782608695652,0.02860869565217391,-1.14,0.11565217391304347,0.03673478260869565,0.07891739130434783
2004-03-31,0.0028,0.0042,0.0183,-0.0011,0.0045,0.0059,0.0029,0.0073,-0.0049,0.0097,0.002,-0.0086,0.0041,0.0095,-0.0163594298785939,-0.0112439446990374,0.026409523809523813,0.055823809523809526,0.029414285714285712,0.17,0.11453809523809523,0.04109047619047619,0.07344761904761904
2004-04-30,-0.0058,0.0046,-0.0331,-0.0034,0.0051,0.0066,0.0047,-0.0058,0.0134,0.0014,-0.014,-0.0646,0.0032,0.0098,-0.0167878768774781,-0.00560478316680623,0.030899999999999997,0.06004285714285715,0.02914285714285715,-5.38,0.12457142857142856,0.04552857142857143,0.07904285714285712
2004-05-31,-0.0023,-0.0133,-0.0181,0.0021,0.0009,0.0026,-0.0009,0.0044,0.0063,0.0005,-0.0036,-0.0105,-0.0013,0.0108,0.012081858581304901,-0.000734804983804182,0.03344545454545455,0.060263636363636366,0.026818181818181817,1.5,0.11981818181818181,0.04657727272727273,0.07324090909090908
2004-06-30,0.0034,-0.0076,0.0087,0.0084,0.0096,0.0106,0.0093,0.0025,0.0071,0.0048,0.0066,-0.0284,0.0009,0.013300000000000001,0.0179823359520636,0.0197568102837344,0.03218695652173913,0.05807826086956522,0.02589130434782609,2.05,0.11840434782608696,0.04471304347826087,0.07369130434782609
2004-07-31,-0.0031,-0.002,-0.0014,0.0031,0.0,0.0052,-0.0034,-0.0152,0.007,0.0082,-0.0142,-0.0195,-0.0029,0.014499999999999999,-0.0342872364782447,-0.0296901742434407,0.030750000000000003,0.05598181818181819,0.025231818181818185,-2.29,0.11999090909090908,0.04267272727272728,0.0773181818181818
2004-08-31,0.0014,0.0028,0.0183,0.0213,0.0045,0.0056,0.0038,0.0018,-0.0041,-0.0075,0.0009,-0.0153,0.0041,0.0159,0.00228461055649842,-0.000140463750790242,0.030722727272727273,0.05419090909090909,0.023468181818181815,-1.59,0.11595000000000001,0.041440909090909084,0.07450909090909093
2004-09-30,0.0101,-0.0007,0.0233,0.0054,0.0127,0.0123,0.0135,0.0063,-0.0078,-0.0049,0.0236,0.0196,0.0057,0.0171,0.00936991305757417,0.011646826560841499,0.031131818181818184,0.053409090909090906,0.022277272727272722,5.49,0.11503636363636364,0.041218181818181814,0.07381818181818184
2004-10-31,0.0128,-0.0029,0.024,0.0003,0.0124,0.0186,0.0073,0.0092,0.0114,0.0122,0.0144,0.0482,0.0059,0.0191,0.0140106197554941,0.0115654878482165,0.03392272727272727,0.054086363636363634,0.020163636363636363,-1.38,0.10777272727272727,0.0429,0.06487272727272728
2004-11-30,0.0265,0.0108,0.0269,0.0026,0.0327,0.0267,0.0388,0.0167,0.0112,0.0242,0.0324,0.0583,0.0211,0.0223,0.0385995706420221,0.0317768291489999,0.03520909090909091,0.05410909090909091,0.0189,3.16,0.1018,0.043190909090909085,0.058609090909090916
2004-12-31,0.0161,0.0069,0.0139,0.0086,0.0228,0.0192,0.0262,0.0132,0.0061,0.0072,0.0257,0.0072,0.0125,0.0222,0.0324511939308123,0.0325871693053059,0.03728095238095238,0.05320476190476191,0.015923809523809528,-2.87,0.10383333333333333,0.043361904761904754,0.06047142857142858
2005-01-31,-0.0034,-0.008,0.0113,0.0035,0.002,0.0055,-0.0007,-0.0009,0.0009,0.0069,-0.0084,-0.0539,0.0001,0.025099999999999997,-0.0252890401754642,-0.010487248885087598,0.03872,0.052665,0.013944999999999999,3.05,0.103345,0.043805,0.05954000000000001
2005-02-28,0.0143,-0.0031,0.0335,0.0102,0.0159,0.0155,0.0168,0.0046,0.0091,0.014,0.0203,0.0008,0.0101,0.0276,0.0189051071471413,0.0233707390576949,0.042313636363636366,0.05571818181818182,0.013404545454545454,3.37,0.10658636363636363,0.04701818181818181,0.05956818181818182
2005-03-31,-0.0015,-0.0163,-0.0188,0.0043,0.0057,0.0065,0.0054,0.0009,0.0027,0.0051,-0.0114,0.0037,0.0012,0.0279,-0.0191168977137839,-0.0123733970997959,0.04285,0.055077272727272725,0.012227272727272726,0.41,0.11916363636363636,0.04689545454545455,0.07226818181818181
2005-04-30,-0.0104,-0.0313,0.0028,-0.0022,-0.0064,-0.0006,-0.0112,-0.0054,-0.0063,-0.0025,-0.0155,-0.0345,-0.011,0.028999999999999998,-0.0201115373571371,-0.0250132808331869,0.043222727272727274,0.05361363636363636,0.01039090909090909,-0.69,0.12844090909090908,0.045881818181818176,0.0825590909090909
2005-05-31,0.0015,-0.0155,0.0067,-0.0034,0.0055,0.0013,0.0089,0.0032,-0.0124,0.0007,0.0051,0.0362,-0.0093,0.029900000000000003,0.029954077784669103,0.0328808915557021,0.04218636363636364,0.05214545454545455,0.00995909090909091,0.45,0.11904545454545454,0.044859090909090904,0.07418636363636363
2005-06-30,0.0131,0.0096,0.0201,0.0021,0.0129,0.0121,0.0138,0.0079,-0.0052,0.0052,0.0191,0.0422,0.0118,0.0313,-0.000144523733868862,0.0152847048046087,0.044272727272727276,0.05377272727272727,0.009499999999999995,2.05,0.1188681818181818,0.04669090909090909,0.07217727272727271
2005-07-31,0.0192,0.0171,0.023,0.0033,0.0227,0.0165,0.0285,0.0046,0.01,0.0104,0.0268,0.0078,0.0226,0.0342,0.0359697869838655,0.0369068217199708,0.04576521739130435,0.054308695652173916,0.00854347826086957,0.06,0.11827826086956521,0.047778260869565214,0.0705
2005-08-31,0.0088,0.0072,0.0229,0.0086,0.0085,0.01,0.0076,0.006,0.0051,0.0071,0.0112,-0.0087,0.0104,0.0352,-0.0112208160337143,-0.00108480564188417,0.04484090909090909,0.053663636363636365,0.008822727272727274,2.08,0.11919090909090908,0.04694090909090908,0.07225000000000001
2005-09-30,0.0163,0.011,0.0412,0.009,0.0107,0.0124,0.01,0.0023,0.0012,0.0243,0.0202,0.0138,0.0161,0.0355,0.00694934464086749,0.031582150567971604,0.048428571428571425,0.056600000000000004,0.00817142857142858,3.43,0.1192190476190476,0.04985714285714286,0.06936190476190474
2005-10-31,-0.0146,-0.0007,-0.0278,0.0083,-0.0182,-0.001,-0.031,-0.0112,0.0027,-0.0086,-0.0229,-0.0197,-0.0103,0.0398,-0.017745196699835198,-0.019757232112324802,0.05056818181818182,0.05767272727272728,0.007104545454545461,-1.39,0.12063636363636364,0.0511090909090909,0.06952727272727274
2005-11-30,0.0148,-0.0043,0.0243,0.0018,0.0128,0.0163,0.0103,0.0101,-0.0058,0.0108,0.0222,0.0417,0.013,0.0395,0.0351888917858644,0.0403089342590179,0.05093636363636364,0.057254545454545454,0.006318181818181813,0.35,0.12085909090909089,0.05086818181818182,0.06999090909090908
2005-12-31,0.0161,0.0096,0.0244,0.0144,0.0145,0.0173,0.0127,0.0085,0.0045,0.0158,0.0278,-0.0253,0.0189,0.0408,-0.000949275582120656,0.0208220376342229,0.049690476190476195,0.056671428571428574,0.006980952380952379,0.77,0.11344761904761905,0.05045714285714285,0.0629904761904762
2006-01-31,0.0323,0.0275,0.0576,0.014,0.0292,0.0252,0.0332,0.0163,0.0142,0.0337,0.0418,0.0271,0.0276,0.0447,0.025468219400413397,0.0315697289065237,0.052004999999999996,0.05821,0.006205000000000002,2.53,0.11262499999999999,0.052445000000000006,0.060179999999999984
2006-02-28,0.0034,0.0118,0.0156,0.005,0.0034,0.0021,0.0043,0.0058,0.0006,0.0123,0.0014,-0.0262,0.0069,0.0462,0.000452704383334445,0.00184964901560902,0.0529304347826087,0.05953478260869566,0.006604347826086959,-1.84,0.11174782608695652,0.05359130434782609,0.05815652173913043
2006-03-31,0.0182,0.0148,0.0137,0.0162,0.015,0.0173,0.0135,0.0097,0.0057,0.0106,0.0245,0.0408,0.0205,0.0463,0.0110595727545463,0.0220213077076829,0.05449,0.062035,0.007545000000000003,1.26,0.10808999999999999,0.055585,0.05250499999999999
2006-04-30,0.0222,0.0075,0.0382,0.0202,0.0175,0.0152,0.0201,0.003,0.0205,0.0286,0.0234,0.0292,0.0158,0.04769999999999999,0.0121900369925609,0.007454440187455,0.05530869565217391,0.06305217391304348,0.007743478260869567,0.64,0.10607826086956519,0.05650869565217391,0.04956956521739128
2006-05-31,-0.013,0.0076,-0.0502,0.0082,-0.0009,0.0039,-0.0043,-0.0015,0.0081,-0.006,-0.0284,-0.027,-0.0011,0.048600000000000004,-0.030918458774866903,-0.046955615736263896,0.057013636363636364,0.06386818181818182,0.00685454545454546,-3.7,0.11027272727272727,0.057336363636363644,0.05293636363636363
2006-06-30,-0.0011,0.0035,-0.0014,0.0027,0.0075,0.0076,0.0078,0.002,0.0062,0.0044,-0.0101,-0.0204,0.0,0.0501,9.015110585108839e-05,0.0035528328238652,0.057114285714285715,0.06356666666666666,0.0064523809523809456,1.54,0.11466190476190477,0.05724761904761905,0.05741428571428572
2006-07-31,0.0029,0.0079,0.0199,0.0126,0.0004,-0.0009,0.0011,0.0046,0.0024,0.0136,-0.0005,-0.0243,0.0019,0.051,0.005082725668618781,0.00481106567714828,0.054943478260869566,0.06125652173913044,0.006313043478260873,-2.12,0.11383478260869564,0.055169565217391296,0.05866521739130435
2006-08-31,0.0085,0.0101,0.0142,0.0031,0.0105,0.0115,0.0103,0.0035,-0.0002,-0.0077,0.0154,0.0139,0.0058,0.050499999999999996,0.02127276760523,0.0234708980289988,0.05357272727272727,0.05965909090909091,0.00608636363636364,-3.38,0.1123090909090909,0.0536,0.0587090909090909
2006-09-30,0.0013,0.0115,-0.0045,0.002,0.006,0.005,0.0069,0.0022,-0.0002,0.0002,0.0009,-0.0115,0.0032,0.0489,0.024565152281548198,0.0168165653677982,0.05372727272727273,0.05985909090909091,0.006131818181818183,-0.96,0.10929545454545454,0.05369545454545455,0.05559999999999999
2006-10-31,0.0177,0.0068,0.0286,0.0039,0.0223,0.0265,0.0208,-0.0016,0.0074,0.0108,0.0219,0.0173,0.0161,0.0508,0.0315122914525392,0.0302313897979544,0.052963636363636366,0.05836818181818182,0.0054045454545454535,-0.2,0.10489090909090909,0.05254545454545455,0.05234545454545454
2006-11-30,0.0207,0.0106,0.0315,0.0097,0.0209,0.0159,0.0239,0.0301,0.0116,0.0144,0.026,0.0222,0.0226,0.050300000000000004,0.0164678848015873,0.00946446281763258,0.052219047619047616,0.05806666666666667,0.005847619047619053,-1.03,0.10029047619047621,0.05200952380952381,0.0482809523809524
2006-12-31,0.0183,0.0149,0.0284,0.0088,0.0158,0.0168,0.0159,0.0049,0.0072,0.0136,0.0208,0.0405,0.0177,0.050199999999999995,0.012612927399184399,0.025654046101752898,0.053972727272727276,0.05955,0.005577272727272722,0.79,0.09706818181818179,0.05375,0.04331818181818179
2007-01-31,0.0133,0.012,0.0008,0.0061,0.0206,0.0171,0.0243,0.002,0.0012,0.0129,0.0115,0.0226,0.017,0.0512,0.014060772029622599,0.0173471929018964,0.053615,0.05878,0.005164999999999996,0.24,0.09282,0.05333,0.03949
2007-02-28,0.0074,0.0116,0.0113,0.0047,0.0155,0.0121,0.0181,0.0115,0.0121,0.005,0.0071,-0.0438,0.012,0.0516,-0.021848812881329,-0.013128128846570199,0.051734782608695656,0.05812173913043479,0.00638695652173913,-1.35,0.09412173913043478,0.05194347826086956,0.04217826086956522
2007-03-31,0.0124,0.0068,0.0196,0.0165,0.0127,0.0127,0.0126,0.0129,0.009,0.0121,0.0187,-0.0254,0.0082,0.0504,0.009983373838425619,0.0127206942753026,0.052595,0.05950999999999999,0.006914999999999991,2.56,0.09330500000000001,0.052965,0.040340000000000015
2007-04-30,0.0202,0.0056,0.0224,0.0101,0.0152,0.0157,0.0144,0.0215,0.01,0.0171,0.029,0.0402,0.0169,0.049100000000000005,0.043285992647571006,0.0329479658193716,0.0535,0.0598090909090909,0.006309090909090903,-0.24,0.09116363636363635,0.05371363636363637,0.037449999999999976
2007-05-31,0.0231,0.0119,0.0172,0.0075,0.0324,0.0208,0.0431,0.0004,0.0024,0.0179,0.0231,0.0513,0.0229,0.0473,0.032551918812564196,0.030404546179776802,0.055595454545454545,0.06340454545454546,0.007809090909090918,-0.34,0.09428181818181817,0.056968181818181814,0.03731363636363636
2007-06-30,0.0078,0.0028,0.0183,0.0056,0.0073,0.0095,0.0061,0.0,0.0021,0.0122,0.0042,0.0303,0.0037,0.0482,-0.0178179944195207,-0.0109867948358721,0.055,0.06309999999999999,0.00809999999999999,0.51,0.10307727272727271,0.056481818181818175,0.04659545454545454
2007-07-31,0.0,-0.0111,0.0255,0.004,0.0097,-0.0024,0.018,0.0043,-0.0196,0.0096,-0.0069,-0.0479,-0.0026,0.0496,-0.0319778127308597,-0.0312218960051821,0.05448260869565218,0.06230434782608696,0.007821739130434782,2.94,0.11440869565217392,0.054182608695652175,0.06022608695652174
2007-08-31,-0.0153,-0.0108,-0.0237,-0.0039,-0.0188,-0.0173,-0.0203,-0.0065,-0.0087,-0.0062,-0.0138,-0.0461,-0.014,0.0401,0.0128588085219369,-0.00244908397140042,0.05288095238095238,0.06133333333333333,0.008452380952380947,0.1,0.11314761904761904,0.053342857142857136,0.0598047619047619
2007-09-30,0.0271,0.0197,0.0477,0.013,0.016,0.0114,0.0182,0.0322,0.0185,0.041,0.0331,0.0513,0.0177,0.0382,0.0357932381941532,0.0285548538766187,0.05220869565217392,0.06099130434782609,0.008782608695652172,4.63,0.10920869565217392,0.05275652173913044,0.05645217391304348
2007-10-31,0.0316,0.0218,0.0548,0.015,0.0291,0.0141,0.0384,0.0213,0.0115,0.0272,0.0373,0.0406,0.0302,0.0394,0.014822760055744899,0.020626299372850498,0.049477272727272724,0.061,0.011522727272727275,5.02,0.11803636363636365,0.04913181818181817,0.06890454545454547
2007-11-30,-0.0121,-0.0148,-0.0185,0.0056,-0.0168,-0.013,-0.0194,-0.008,-0.0025,-0.0017,-0.0171,-0.0095,-0.0114,0.0315,-0.0440396925913398,-0.0444687955155236,0.050519999999999995,0.062329999999999997,0.011810000000000001,0.99,0.12464499999999999,0.049025,0.07561999999999999
2007-12-31,0.0047,-0.004,0.0132,0.0048,0.0032,0.0006,0.005,-0.0063,0.0021,0.015,0.0042,0.0032,-0.0031,0.0336,-0.00863387145820881,-0.00894713386202328,0.04511363636363637,0.05998181818181818,0.014868181818181808,6.63,0.1375227272727273,0.045627272727272725,0.09189545454545457
2008-01-31,-0.0148,-0.0053,-0.0267,0.0069,-0.0244,-0.017,-0.0294,-0.001,0.0028,0.0444,-0.0405,0.0413,-0.0181,0.0196,-0.0611623127700981,-0.08471140974385859,0.04152857142857143,0.061642857142857145,0.020114285714285716,-7.75,0.14550000000000002,0.04505714285714285,0.10044285714285717
2008-02-29,0.0161,-0.0129,0.0178,0.0107,0.0085,0.0017,0.0126,0.0126,-0.0066,0.0411,0.0206,0.0661,-0.0027,0.018500000000000003,-0.0347570979071299,-0.018766174810842598,0.044465000000000005,0.063595,0.019129999999999994,6.1,0.14865,0.04472,0.10393
2008-03-31,-0.0211,-0.0593,-0.033,0.0001,-0.0172,-0.0104,-0.0221,0.0162,-0.0643,-0.017,-0.0206,-0.0053,-0.0189,0.0138,-0.00595911915299851,-0.024136418272814302,0.049372727272727276,0.0643,0.01492727272727272,4.27,0.14730000000000001,0.046863636363636364,0.10043636363636366
2008-04-30,0.0057,0.0111,0.0017,0.0031,0.0051,0.0024,0.0068,0.0088,0.0207,-0.0159,0.022,-0.0215,0.0066,0.0143,0.04754126680695989,0.0586559207722736,0.050582608695652176,0.06638260869565217,0.015799999999999995,-0.31,0.13890434782608696,0.04915652173913044,0.08974782608695653
2008-05-31,0.02,0.015,0.0214,0.011,0.0189,0.015,0.022,-0.0018,0.0126,0.018,0.0291,0.0144,0.012,0.0189,0.0106743245549809,0.011840562386338,0.053271428571428574,0.06635238095238095,0.01308095238095238,3.31,0.14828571428571427,0.05149047619047619,0.09679523809523807
2008-06-30,0.0,-0.0036,-0.0159,0.0055,-0.0015,-0.0051,0.0009,-0.0012,-0.0047,0.02,-0.0133,0.0479,0.0005,0.019,-0.0859593707893027,-0.08357861155198,0.055099999999999996,0.06825652173913044,0.013156521739130442,12.75,0.1567608695652174,0.05101304347826087,0.10574782608695653
2008-07-31,-0.0261,-0.0214,-0.0284,-0.0006,-0.0253,-0.0259,-0.0253,-0.0039,-0.0037,-0.0264,-0.0343,-0.042,-0.0247,0.0168,-0.00985960013162468,-0.0190272760607549,0.05543181818181818,0.0689090909090909,0.013477272727272727,-5.13,0.16181363636363635,0.05008181818181818,0.11173181818181818
2008-08-31,-0.0147,-0.0066,-0.04,-0.0059,-0.0016,-0.0007,-0.002,-0.0116,-0.007,-0.0137,-0.0211,-0.0248,-0.0126,0.0172,0.0121882064026686,0.0095771399814839,0.06470909090909091,0.07076818181818183,0.006059090909090917,-4.02,0.17729090909090905,0.054327272727272724,0.12296363636363633
2008-09-30,-0.0655,-0.1226,-0.0893,-0.0141,-0.0575,-0.0518,-0.0617,-0.0349,-0.068,-0.0663,-0.0781,-0.0057,-0.0735,0.0092,-0.09078886647313579,-0.109685164016703,0.08672608695652174,0.08504347826086957,-0.0016826086956521769,0.28,0.2662391304347826,0.0671304347826087,0.19910869565217387
2008-10-31,-0.063,-0.1259,-0.1363,-0.0183,-0.0509,-0.0566,-0.0477,-0.0306,-0.1404,-0.0513,-0.0713,0.0496,-0.0694,0.0046,-0.169422344616141,-0.164567020352268,0.08692380952380953,0.08610952380952382,-0.0008142857142857118,7.85,0.3316571428571429,0.06290476190476191,0.26875238095238096
2008-11-30,-0.0415,-0.0188,-0.0187,-0.4045,-0.0321,-0.05,-0.0217,-0.0002,-0.056,0.0154,-0.0141,0.0322,-0.0463,0.0001,-0.0748556175986097,-0.063207361811562,0.08487727272727273,0.08279545454545455,-0.0020818181818181847,7.17,0.3923636363636364,0.05368636363636364,0.33867727272727277
2008-12-31,-0.0003,-0.0098,0.0022,0.0041,-0.0126,-0.0254,-0.0049,0.016,-0.008,0.0111,0.0106,0.0237,-0.0152,0.0011,0.00783027696366289,0.00875081422350643,0.07470454545454545,0.07939545454545455,0.004690909090909093,-5.09,0.3060318181818182,0.053109090909090904,0.2529227272727273
2009-01-31,0.0109,0.0572,-0.0014,0.0114,0.0079,-0.0006,0.0133,0.0038,0.0048,0.0233,-0.0017,-0.0056,0.0335,0.0024,-0.085660499822508,-0.0717914547572776,0.07568095238095238,0.07733333333333334,0.0016523809523809607,-2.18,0.3347857142857143,0.05723809523809524,0.27754761904761904
2009-02-28,-0.0088,0.0075,-0.021,-0.0561,-0.0113,-0.012,-0.0112,0.0069,0.0101,0.0021,-0.0134,-0.0016,-0.0009,0.0026,-0.109930364320612,-0.092120029422783,0.08549090909090909,0.07913181818181818,-0.0063590909090909115,4.41,0.35020454545454544,0.06892272727272727,0.2812818181818182
2009-03-31,0.0065,0.0114,0.0224,0.011,0.0016,0.0012,0.0016,0.0165,0.0174,0.0003,0.0186,-0.0218,0.0038,0.0021,0.08539694005343129,0.0606063596073722,0.07682857142857143,0.07645238095238095,-0.0003761904761904744,-11.87,0.29727619047619047,0.04776190476190476,0.24951428571428572
2009-04-30,0.0168,0.0452,0.0517,0.0129,0.0148,0.018,0.0127,0.0072,0.0193,0.0019,0.0254,-0.0324,0.0224,0.0014000000000000002,0.09392598304675669,0.100221940478616,0.06115909090909091,0.07656818181818183,0.015409090909090914,-34.3,0.2282136363636364,0.04703636363636364,0.18117727272727274
2009-05-31,0.0406,0.0581,0.0696,0.0363,0.0422,0.0415,0.0431,0.0185,0.0433,0.0147,0.0523,0.0085,0.0428,0.0014000000000000002,0.053084613028566,0.0519730192210163,0.05332727272727273,0.07319545454545455,0.01986818181818182,-12.49,0.2011590909090909,0.04511363636363637,0.15604545454545454
2009-06-30,0.0043,0.0405,0.0069,-0.0021,0.0102,0.0144,0.0071,0.0089,0.0183,-0.0085,-0.0004,-0.0232,0.0162,0.0019,0.000200273111209847,-0.00231721682321706,0.0487304347826087,0.07031739130434783,0.02158695652173913,5.48,0.1809260869565217,0.040313043478260875,0.14061304347826084
2009-07-31,0.0254,0.058,0.0383,0.0179,0.0233,0.0225,0.0241,0.0112,0.0365,0.0178,0.0299,-0.0043,0.0299,0.0018,0.0741319059435525,0.07319941195878239,0.04234285714285714,0.06509999999999999,0.02275714285714285,-5.55,0.1611190476190476,0.039442857142857134,0.12167619047619047
2009-08-31,0.0153,0.0339,0.0106,0.0131,0.0217,0.0212,0.0223,0.0095,0.0238,0.0086,0.0142,0.0092,0.0143,0.0015,0.0335699159283373,0.0350738275030353,0.036877272727272724,0.06157272727272727,0.024695454545454548,-9.07,0.15349090909090907,0.0364,0.11709090909090906
2009-09-30,0.0304,0.0323,0.0494,0.0096,0.0289,0.0338,0.0252,0.016,0.0277,0.0277,0.0323,0.0297,0.0286,0.0014000000000000002,0.0357172656405635,0.0290315359137387,0.033643478260869566,0.05991304347826087,0.0262695652173913,-4.79,0.14302608695652172,0.03562608695652174,0.10739999999999998
2009-10-31,0.0013,0.0216,0.009,-0.0035,0.0043,0.0071,0.0021,0.0016,0.0194,0.0021,-0.0121,-0.0217,0.0112,0.0005,-0.019756356488528,-0.0231223572612087,0.029604761904761908,0.0595952380952381,0.02999047619047619,2.61,0.13951428571428573,0.03486666666666667,0.10464761904761906
2009-11-30,0.0211,0.008,0.0137,0.0008,0.0216,0.0208,0.0226,0.0103,0.0171,0.0352,0.0192,0.0494,0.0096,0.0006,0.0573589408958097,0.0288075522095789,0.028486363636363636,0.05880454545454546,0.03031818181818182,0.3,0.12929545454545455,0.035222727272727274,0.09407272727272728
2009-12-31,0.0088,0.0222,0.0197,-0.0087,0.0228,0.0251,0.0213,0.0038,0.0076,-0.0143,0.0169,-0.05,0.0118,0.0006,0.0177734546514618,0.0358918108490367,0.026204761904761904,0.057490476190476196,0.03128571428571429,3.01,0.11823809523809524,0.0348047619047619,0.08343333333333333
2010-01-31,0.0017,0.0097,-0.0076,0.001,0.0142,0.0202,0.009,0.004,0.0202,0.0107,-0.015,-0.0381,0.0056,0.0008,-0.0369771475519253,-0.036720508226335796,0.025119047619047617,0.05884285714285714,0.033723809523809524,-5.4,0.12482857142857143,0.03496666666666667,0.08986190476190475
2010-02-28,0.0068,0.0047,-0.0045,-0.0135,0.0044,0.0029,0.0057,0.003,0.0007,0.011,0.0132,0.0181,0.0056,0.0013,0.028517440207932402,0.017686853722484498,0.02476086956521739,0.057973913043478265,0.03321304347826087,3.74,0.12179130434782609,0.03465652173913043,0.08713478260869566
2010-03-31,0.0222,0.0206,0.0389,0.0054,0.0285,0.0264,0.0307,0.0069,0.0144,0.0038,0.0299,0.0425,0.0144,0.0016,0.0587942171693094,0.0625643704726559,0.02382380952380952,0.057490476190476196,0.03366666666666668,3.76,0.11457619047619047,0.03454761904761905,0.08002857142857142
2010-04-30,0.0124,0.0169,0.0101,0.0043,0.0189,0.0169,0.0209,-0.001,0.0175,0.0165,0.0029,0.0189,0.0096,0.0016,0.0147577590852618,0.00072650439863442,0.02485238095238095,0.05701428571428571,0.03216190476190477,3.16,0.1223190476190476,0.03155238095238096,0.09076666666666665
2010-05-31,-0.0276,-0.0251,-0.0428,-0.033,-0.0307,-0.025,-0.0353,-0.0152,-0.0079,-0.0063,-0.0413,-0.0403,-0.0219,0.0016,-0.0819789359911764,-0.0791364163009344,0.026168181818181816,0.05695,0.030781818181818184,-0.25,0.12903636363636364,0.03104090909090909,0.09799545454545455
2010-06-30,-0.0084,0.0001,-0.0003,-0.0099,-0.0158,-0.011,-0.0197,0.001,0.0092,0.0056,-0.0207,0.0042,-0.0081,0.0018,-0.0538786909260846,-0.043013325043812806,0.02314782608695652,0.054034782608695646,0.030886956521739124,-2.76,0.1244,0.02873913043478261,0.09566086956521738
2010-07-31,0.0159,0.0222,0.0352,0.0167,0.0156,0.011,0.019,0.0161,0.012,0.0065,0.0253,-0.015,0.0166,0.0015,0.0687751776764999,0.056517147215431496,0.020427272727272724,0.05065454545454545,0.030227272727272728,1.88,0.12323181818181818,0.024754545454545453,0.09847727272727272
2010-08-31,0.0023,0.0135,0.0012,-0.0155,-0.004,-0.0064,-0.0024,0.0031,0.0124,0.0148,-0.0112,0.0487,0.0001,0.0014000000000000002,-0.047450092146361394,-0.035542992657,0.019122727272727274,0.049718181818181814,0.03059545454545454,-0.06,0.12259545454545455,0.024490909090909087,0.09810454545454546
2010-09-30,0.0343,0.0111,0.0477,0.0366,0.032,0.0207,0.0403,0.0231,0.0155,0.0272,0.0509,0.0277,0.0279,0.0016,0.087555879105905,0.0674536210900831,0.017040909090909093,0.04755454545454546,0.030513636363636368,1.41,0.11305,0.02274090909090909,0.09030909090909091
2010-10-31,0.0192,0.0198,0.0221,0.0093,0.018,0.0132,0.0217,-0.0062,0.011,0.0162,0.02,0.0429,0.0203,0.0012,0.036852904108417996,0.0277159458239701,0.017563636363636365,0.0493,0.03173636363636363,1.58,0.11003181818181819,0.024181818181818183,0.08585000000000001
2010-11-30,-0.0018,0.0004,-0.0038,-0.0251,0.0015,0.0033,0.0004,-0.0144,0.0074,-0.0052,0.0046,-0.0411,0.003,0.0017000000000000001,-0.00228585187621799,-0.00519105146771625,0.019547826086956523,0.05406521739130435,0.034517391304347826,2.66,0.10980000000000001,0.027708695652173918,0.08209130434782609
2010-12-31,0.029,0.0116,0.015,0.0174,0.0393,0.0273,0.0478,0.0114,0.0061,0.0267,0.0342,0.0542,0.017,0.0012,0.06529398287686859,0.0555316429323737,0.01877142857142857,0.05343809523809524,0.03466666666666667,-3.03,0.1022047619047619,0.028880952380952382,0.07332380952380951
2011-01-31,0.0069,0.0216,-0.0039,0.0179,0.018,0.019,0.0174,0.0089,0.0168,-0.0077,0.0027,-0.0082,0.0198,0.0015,0.022649577886998798,0.0186812455406024,0.019175,0.054525,0.03534999999999999,-0.29,0.09795999999999999,0.030615,0.06734499999999999
2011-02-28,0.0138,0.029,-0.0007,0.0052,0.0144,0.0086,0.0188,0.0079,0.0093,0.0128,0.0172,0.026,0.0139,0.0015,0.0319591099591125,0.027532462792343,0.018091304347826086,0.05332173913043478,0.03523043478260869,1.99,0.10032608695652172,0.02957391304347826,0.07075217391304346
2011-03-31,0.0012,-0.0061,0.0212,0.0111,-0.0026,-0.001,-0.0037,0.0059,-0.0031,0.0015,0.0028,-0.0276,0.0079,0.0009,-0.00105293016328567,-0.015253334648937699,0.017804761904761907,0.05390952380952381,0.0361047619047619,3.4,0.10048095238095238,0.029047619047619048,0.07143333333333333
2011-04-30,0.018,0.0006,0.0232,0.0337,0.0114,0.0114,0.0113,0.0174,0.0092,0.0246,0.017,0.054,0.0085,0.0004,0.028499571093763797,0.0204616041883962,0.015972727272727274,0.05183636363636364,0.03586363636363636,0.04,0.09937272727272728,0.02649090909090909,0.07288181818181819
2011-05-31,-0.0096,0.0002,-0.011,-0.0103,-0.0061,0.0001,-0.0098,-0.0105,0.0021,-0.0063,-0.0168,-0.0444,-0.0005,0.0006,-0.013504480776300001,-0.016511440015299098,0.015745454545454545,0.05041818181818182,0.03467272727272727,-0.62,0.10544545454545455,0.025163636363636367,0.08028181818181818
2011-06-30,-0.0136,-0.0086,-0.0065,-0.0029,-0.0216,-0.007,-0.0308,-0.0004,0.0006,-0.0111,-0.0149,-0.0307,-0.0064,0.0003,-0.018256270299451,-0.0173263715512578,0.015395454545454546,0.050668181818181814,0.03527272727272727,1.78,0.10520454545454544,0.024940909090909087,0.08026363636363636
2011-07-31,0.0069,-0.0014,0.0167,-0.0018,-0.0078,-0.0026,-0.0107,-0.0077,0.0055,0.0253,-0.0041,0.0403,0.0061,0.001,-0.0214716081610248,-0.027991621657880203,0.017073913043478262,0.04667391304347826,0.029599999999999998,0.18,0.12555652173913046,0.022278260869565213,0.10327826086956524
2011-08-31,-0.023,-0.0173,-0.0315,-0.0089,-0.0537,-0.0441,-0.0598,-0.0092,-0.0027,0.0191,-0.0444,0.0025,-0.0193,0.0002,-0.0567903412415327,-0.0698130664065873,0.01939090909090909,0.04634545454545455,0.02695454545454546,-0.28,0.13893636363636364,0.021959090909090907,0.11697727272727274
2011-09-30,-0.032,-0.0177,-0.0747,-0.0222,-0.0506,-0.0328,-0.0615,-0.0163,-0.0019,-0.0007,-0.0522,-0.0078,-0.0237,0.0002,-0.0717644770779239,-0.0627763238008769,0.021776190476190477,0.04995714285714285,0.028180952380952376,-2.42,0.14718571428571428,0.023004761904761906,0.12418095238095238
2011-10-31,0.0173,0.0118,0.037,0.0276,0.0256,0.0199,0.029,0.0191,0.0014,0.0018,0.0445,-0.0506,0.0205,0.0001,0.107719384124541,0.08462203270321719,0.021163636363636364,0.04847272727272728,0.027309090909090915,-1.43,0.1436318181818182,0.021954545454545452,0.12167727272727275
2011-11-30,-0.0079,-0.006,-0.0269,0.0009,-0.0105,-0.012,-0.0097,-0.0027,0.005,-0.0003,-0.0148,0.0018,-0.0089,0.0001,-0.005055626161993731,-0.015297410105285701,0.023250000000000003,0.04873636363636364,0.025486363636363637,3.84,0.14597727272727273,0.023177272727272727,0.1228
2011-12-31,-0.0022,0.0062,-0.007,-0.0049,-0.0081,-0.0005,-0.0125,-0.0039,0.0038,0.0043,-0.0088,0.0079,0.0014,0.0002,0.00853655040070133,0.004720464306938729,0.020619047619047617,0.0481,0.02748095238095238,1.81,0.13544285714285714,0.0208,0.11464285714285714
2012-01-31,0.0234,0.0236,0.0374,0.0017,0.028,0.024,0.0303,0.0097,0.0117,0.0122,0.0391,0.0115,0.0247,0.0006,0.0435787082717467,0.0423884689004299,0.017714285714285714,0.04657619047619048,0.028861904761904766,-7.91,0.12305714285714284,0.01997142857142857,0.10308571428571427
2012-02-29,0.0161,0.0188,0.0292,0.0133,0.0158,0.0189,0.0143,0.0092,0.01,0.0079,0.0264,0.0121,0.0172,0.0008,0.0405918382741312,0.045051516803724795,0.01679565217391304,0.047356521739130436,0.030560869565217395,-0.29,0.11875217391304348,0.020269565217391303,0.09848260869565217
2012-03-31,0.0005,0.0055,-0.007,-0.0015,0.0079,0.0148,0.0045,0.0018,0.0074,-0.0043,0.005,-0.0296,0.0045,0.0007000000000000001,0.031328759140921,0.0149983883149877,0.016739999999999998,0.046055,0.029315,1.3,0.11996499999999999,0.01906,0.100905
2012-04-30,-0.0004,-0.0023,0.0015,-0.0041,-0.0023,0.0014,-0.0041,-0.0047,0.0069,-0.0025,-0.0046,0.0043,0.0058,0.001,-0.0074945725482344905,-0.0176991946779999,0.017817391304347827,0.04540869565217391,0.027591304347826084,3.75,0.12189130434782608,0.01879130434782609,0.1031
2012-05-31,-0.0133,-0.0084,-0.0379,-0.0318,-0.0132,-0.0124,-0.0136,-0.0153,0.0024,0.0019,-0.0453,0.0238,-0.0117,0.0007000000000000001,-0.0626527198358047,-0.0713121973682048,0.018818181818181817,0.043972727272727274,0.025154545454545457,6.49,0.1287727272727273,0.018718181818181814,0.11005454545454547
2012-06-30,-0.004,0.0033,-0.0013,0.0093,-0.0018,-0.0023,-0.0016,0.0053,0.0076,-0.0137,0.0035,-0.0356,0.0048,0.0009,0.0395547514622391,0.041199234274652705,0.0166,0.04184545454545455,0.025245454545454547,-1.06,0.11993636363636365,0.016995454545454546,0.1029409090909091
2012-07-31,0.0142,0.0086,0.0096,-0.004,0.0074,0.0095,0.0066,-0.0051,0.0162,0.0214,0.0055,0.0468,0.0128,0.0011,0.0126014470747219,0.012632344239917801,0.014995652173913044,0.041713043478260874,0.02671739130434783,3.04,0.11586956521739131,0.016734782608695653,0.09913478260869565
2012-08-31,0.0084,0.0044,0.0084,0.0125,0.0118,0.0088,0.0132,0.0052,0.0102,0.0038,0.0151,-0.0155,0.0136,0.0009,0.0197573258110206,0.0175923701750699,0.013257142857142856,0.04060476190476191,0.02734761904761905,-2.37,0.10966190476190477,0.016076190476190477,0.09358571428571429
2012-09-30,0.0104,0.004,0.0221,0.0056,0.0167,0.0178,0.0162,0.0041,0.0126,0.006,0.0157,-0.0137,0.008,0.001,0.0242424453877807,0.0192842362769578,0.012354545454545457,0.03795909090909091,0.02560454545454545,-1.14,0.10837727272727272,0.015922727272727272,0.09245454545454546
2012-10-31,-0.0018,0.0025,0.0035,-0.0042,0.0091,0.0103,0.0088,-0.0077,0.0087,-0.0073,-0.0021,-0.0464,0.0034,0.0011,-0.019793874212045,-0.00546799881377813,0.01240909090909091,0.037149999999999996,0.024740909090909084,0.14,0.11129090909090907,0.015368181818181819,0.09592272727272724
2012-11-30,0.0064,0.0022,0.011,0.0039,0.003,0.0026,0.0031,0.0105,0.0048,0.0072,0.0073,0.0058,0.01,0.0008,0.00284925429365623,0.0126227246431482,0.012175,0.037309999999999996,0.025134999999999998,0.49,0.10544,0.01587,0.08957000000000001
2012-12-31,0.0148,0.0138,0.0238,0.0086,0.0198,0.0191,0.0201,0.0151,0.0068,0.0127,0.0158,0.0108,0.0137,0.0005,0.007065766406995519,0.017810484478279102,0.011727272727272727,0.03783181818181818,0.026104545454545457,-2.86,0.09845909090909091,0.02054090909090909,0.07791818181818183
2013-01-31,0.0207,0.0201,0.0345,0.0199,0.0215,0.0169,0.0239,-0.0003,0.0106,0.0088,0.0354,0.0267,0.0207,0.0007000000000000001,0.0504302017304953,0.0528194943958904,0.011835,0.0394,0.027565,-1.79,0.09704,0.020804999999999997,0.076235
2013-02-28,0.0024,-0.0007,0.0049,-0.0128,0.0046,0.0104,0.0019,-0.0006,0.0049,0.0029,0.0012,-0.0077,0.0038,0.0011,0.011058821970282899,0.0128668680010259,0.011457142857142857,0.03974285714285714,0.028285714285714286,1.29,0.09373809523809523,0.02052857142857143,0.07320952380952381
2013-03-31,0.0121,0.0072,0.0055,0.0005,0.0211,0.0218,0.0208,0.0039,0.0061,0.0097,0.0138,0.0174,0.0062,0.0007000000000000001,0.0359862593256943,0.024201090631789303,0.011154545454545455,0.03825454545454546,0.027100000000000003,1.92,0.09059545454545453,0.019559090909090908,0.07103636363636362
2013-04-30,0.0139,0.0014,0.0162,0.0101,0.012,0.0134,0.0113,0.0065,0.0034,0.0177,0.0126,0.035,0.0109,0.0005,0.0180856825531359,0.025405067108388,0.010995652173913042,0.03987826086956522,0.028882608695652175,0.22,0.08638695652173914,0.020582608695652174,0.06580434782608696
2013-05-31,0.0042,0.013,-0.002,0.004,0.0227,0.0238,0.0223,0.008,0.0001,-0.0005,0.0119,-0.0498,0.0037,0.0004,0.020766732418909098,0.011096794767506,0.013695238095238095,0.04417619047619047,0.03048095238095238,-2.02,0.0993904761904762,0.024428571428571424,0.07496190476190477
2013-06-30,-0.0166,-0.0033,-0.0264,0.0057,-0.0131,-0.0086,-0.0153,0.0017,-0.0114,-0.0248,-0.0063,-0.0542,-0.0074,0.0004,-0.0150019333202477,-0.0256250082251175,0.01421304347826087,0.046969565217391304,0.032756521739130434,0.52,0.09732173913043479,0.02700434782608696,0.07031739130434783
2013-07-31,0.0088,-0.0008,-0.0009,0.0202,0.0151,0.0131,0.0161,0.0099,0.0038,0.0026,0.0195,-0.0106,0.0116,0.0004,0.0494605712796532,0.0465611253309994,0.013628571428571429,0.04825714285714286,0.03462857142857143,1.76,0.0983095238095238,0.028414285714285715,0.0698952380952381
2013-08-31,-0.0054,0.0072,-0.0024,-0.0172,-0.0004,-0.0048,0.0016,0.0001,0.0021,-0.0092,-0.0111,-0.0277,0.0008,0.0003,-0.031294465537713895,-0.0226635076515229,0.013685714285714285,0.04872380952380952,0.035038095238095236,0.02,0.09834285714285712,0.02899523809523809,0.06934761904761903
2013-09-30,0.0127,0.0024,0.0128,0.0091,0.0145,0.0138,0.0149,0.0081,0.0051,0.0084,0.0264,-0.0015,0.0142,0.0002,0.029746704101057498,0.0355002148668686,0.012130434782608697,0.04617391304347827,0.03404347826086957,3.06,0.09744347826086956,0.027421739130434785,0.07002173913043477
2013-10-31,0.0159,0.0092,0.0201,0.0117,0.0145,0.0153,0.0141,0.0057,0.0061,0.0101,0.0254,0.0296,0.0177,0.0004,0.044600588960842,0.0387769259650003,0.011186363636363637,0.046940909090909096,0.035754545454545456,0.08,0.09305909090909091,0.028022727272727276,0.06503636363636364
2013-11-30,0.0131,-0.002,0.0108,0.0259,0.0168,0.0155,0.0174,0.001,0.005,0.0103,0.0185,0.0209,0.0086,0.0006,0.028048279588698,0.0198822444353312,0.011109523809523809,0.04751904761904762,0.03640952380952381,0.44,0.09164285714285712,0.028704761904761903,0.06293809523809522
2013-12-31,0.0119,0.0054,0.0128,0.013,0.0161,0.0194,0.0147,0.0039,0.0018,0.0071,0.018,0.001,0.0163,0.0007000000000000001,0.023559382769627598,0.019768514103396,0.01078181818181818,0.04608181818181818,0.0353,0.02,0.0905681818181818,0.028077272727272725,0.06249090909090907
2014-01-31,-0.0029,0.0209,-0.0227,0.0008,0.0029,0.004,0.0024,0.0049,0.01,-0.0105,-0.0008,-0.0342,0.0081,0.0002,-0.0355827208806248,-0.0330784229611741,0.010395000000000001,0.044235,0.033839999999999995,1.71,0.09081,0.02705,0.06376
2014-02-28,0.0172,0.0014,0.0179,0.0026,0.0275,0.0204,0.0308,0.0093,0.0066,0.0069,0.0288,0.0094,0.0141,0.0005,0.04311846022364849,0.0402111211444655,0.010971428571428571,0.04421428571428572,0.03324285714285715,2.07,0.08933809523809524,0.02723809523809524,0.0621
2014-03-31,-0.0048,0.0022,-0.0151,-0.0059,-0.0014,0.006,-0.0048,-0.0068,0.0041,-0.0024,-0.0119,-0.0182,-0.0026,0.0005,0.006929904852569941,-0.000496380112269934,0.011066666666666667,0.04356190476190476,0.03249523809523809,-3.29,0.0875095238095238,0.02602857142857143,0.06148095238095237
2014-04-30,-0.0021,0.0033,-0.0058,-0.007,0.0003,0.0037,-0.0014,0.0055,0.0044,0.0001,-0.0103,0.0042,-0.0043,0.0003,0.00620345722937032,0.00533098042107371,0.010534782608695652,0.04203043478260869,0.031495652173913036,-3.89,0.08752173913043478,0.02505217391304348,0.06246956521739129
2014-05-31,0.0113,-0.0052,0.0135,-0.0027,0.0107,0.0145,0.009,0.0056,0.0045,0.0102,0.0151,0.0309,0.0089,0.0004,0.0210316237133589,0.0190662578168121,0.011000000000000001,0.04213809523809524,0.031138095238095236,0.87,0.08109047619047619,0.025723809523809524,0.05536666666666666
2014-06-30,0.0096,0.0005,0.0114,0.007,0.0166,0.0141,0.0177,0.0127,0.004,0.0053,0.0101,0.0154,0.0045,0.0004,0.0190575487244362,0.012388563036541001,0.011530434782608696,0.04183913043478261,0.030308695652173912,0.69,0.08274347826086957,0.025486956521739126,0.05725652173913044
2014-07-31,-0.0031,0.0006,0.0045,-0.007,-0.0059,-0.0019,-0.0077,-0.014,0.003,-0.0001,-0.0097,-0.0103,0.0013,0.0003,-0.0150785116621617,-0.00853786690858149,0.011540909090909091,0.04066363636363637,0.029122727272727276,-0.12,0.08824090909090909,0.024854545454545452,0.06338636363636364
2014-08-31,0.0088,-0.0028,0.0031,-0.0002,0.0012,-0.0048,0.0038,0.0022,0.0018,0.0113,0.0129,0.0502,0.0083,0.0003,0.0376520477162212,0.024397054337294,0.01249090909090909,0.04166818181818182,0.02917727272727273,0.82,0.0922409090909091,0.025886363636363638,0.06635454545454546
2014-09-30,-0.0001,-0.0069,0.0014,-0.0028,-0.0137,-0.007,-0.0165,-0.0149,0.0042,0.0054,-0.0018,0.0172,0.0098,0.0002,-0.0155151500505197,-0.0116028872412415,0.012308695652173914,0.04015652173913043,0.027847826086956518,0.5,0.09794782608695651,0.02525217391304348,0.07269565217391304
2014-10-31,-0.008,-0.0179,-0.0112,0.0045,-0.0216,-0.0196,-0.0224,-0.0235,-0.001,-0.0092,0.0001,0.0181,-0.0049,0.0001,0.023206258162650602,0.0106065040943452,0.013566666666666666,0.041028571428571435,0.02746190476190477,-0.06,0.10067142857142856,0.02563333333333333,0.07503809523809524
2014-11-30,0.015,-0.001,0.0171,0.0057,0.0055,0.0014,0.0073,0.0057,0.0021,0.0165,0.0189,0.075,0.0122,0.0002,0.0245323112680073,0.0272164894594977,0.015518181818181818,0.041281818181818176,0.025763636363636357,0.69,0.11231363636363635,0.025113636363636362,0.08719999999999999
2014-12-31,0.0001,-0.0115,0.0019,-0.0069,-0.0055,-0.0049,-0.0057,0.0008,-0.0007,-0.0025,0.0035,0.0167,0.0041,0.0004,-0.00418834621821995,-0.00880049517052916,0.014995238095238094,0.03855238095238095,0.023557142857142853,1.12,0.1135904761904762,0.02258571428571429,0.09100476190476191
2015-01-31,0.0081,-0.0021,0.0066,-0.0037,-0.01,-0.0105,-0.0099,-0.0085,-0.0081,0.0269,0.0028,0.0602,0.0119,0.0002,-0.0310417664569867,-0.0061542564500021105,0.015052380952380953,0.03877619047619048,0.023723809523809525,3.84,0.10436666666666666,0.023319047619047618,0.08104761904761905
2015-02-28,0.0106,0.0095,-0.0004,-0.019,0.0225,0.0123,0.0267,0.015,0.0074,0.0042,0.0199,-0.0115,0.0072,0.0002,0.054893916586230704,0.0571746248025188,0.014663636363636363,0.03952272727272727,0.024859090909090907,-2.82,0.10325454545454545,0.025231818181818185,0.07802272727272726
2015-03-31,0.006,-0.0027,0.0074,-0.0021,0.0036,0.0009,0.0048,0.0004,-0.0008,0.013,-0.0042,0.024,0.0105,0.0003,-0.017398884310388,-0.006760186540836321,0.013657142857142857,0.03851904761904762,0.024861904761904762,2.74,0.1032904761904762,0.02396190476190476,0.07932857142857144
2015-04-30,0.0002,0.0273,0.0336,-0.0044,0.0085,0.0057,0.0096,0.0081,0.0063,-0.0075,-0.0002,-0.0429,0.0001,0.0001,0.00852387508934704,0.00857686895326836,0.014485714285714286,0.04110476190476191,0.026619047619047622,-7.27,0.10539523809523808,0.026247619047619047,0.07914761904761904
2015-05-31,0.0083,0.0052,0.0037,0.01,0.0085,0.0031,0.0104,0.0106,0.0048,0.0071,0.0215,-0.0084,0.0065,0.0001,0.0104894662391399,0.009713367506663621,0.016027272727272727,0.043072727272727276,0.02704545454545455,5.82,0.1109090909090909,0.028277272727272727,0.08263181818181817
2015-06-30,-0.0131,-0.0075,-0.0225,0.0155,-0.0124,-0.0122,-0.0125,-0.0017,-0.0021,-0.0176,-0.0046,-0.0581,-0.0042,0.0001,-0.0210107075531855,-0.030711016604057,0.01651304347826087,0.043891304347826086,0.027378260869565216,3.01,0.12100434782608696,0.028226086956521734,0.09277826086956523
2015-07-31,0.0087,-0.0104,-0.0201,0.0056,0.0018,-0.0074,0.0053,-0.0076,0.003,0.0126,0.0152,0.0433,0.01,0.0008,0.019738887770081398,0.0242634065370961,0.017647619047619047,0.043552380952380954,0.025904761904761906,9.98,0.132,0.02778571428571429,0.10421428571428572
2015-08-31,-0.0199,-0.0024,-0.0286,0.0095,-0.0281,-0.0144,-0.0332,-0.0067,-0.0004,-0.0263,-0.0191,-0.0276,-0.0049,0.0008,-0.06257651078964681,-0.0684281842571797,0.018095454545454547,0.04435454545454545,0.026259090909090906,-2.09,0.13138181818181818,0.027622727272727278,0.10375909090909091
2015-09-30,-0.0141,-0.0025,-0.008,0.0062,-0.0344,-0.0137,-0.0422,-0.0131,-0.0045,-0.0157,-0.0112,0.0287,-0.0043,-0.0001,-0.026446882672693302,-0.03720475705338,0.017556521739130436,0.0430304347826087,0.025473913043478263,5.22,0.13972173913043479,0.026356521739130435,0.11336521739130435
2015-10-31,0.0053,0.0094,0.0275,-0.0059,0.0014,-0.003,0.0031,-0.0001,-0.002,0.0129,0.0172,-0.0248,0.0007,0.0008,0.0829849387714976,0.0778079907584108,0.019085714285714286,0.04444761904761905,0.025361904761904763,-3.28,0.14695714285714284,0.027828571428571428,0.11912857142857142
2015-11-30,0.002,-0.0073,0.0015,-0.0103,-0.0117,-0.0075,-0.0133,-0.0049,0.0008,0.0141,-0.0012,0.0373,0.0023,0.0022,0.000503516097658751,0.00467616028382811,0.020754545454545456,0.04505909090909091,0.024304545454545454,2.28,0.17631363636363637,0.028195454545454544,0.14811818181818182
2015-12-31,-0.0085,-0.0078,-0.0012,0.016,-0.013,-0.0071,-0.0154,0.0131,0.0015,-0.0205,-0.0001,-0.0219,0.0021,0.0016,-0.0175302087340599,-0.022643159066373403,0.021,0.04557619047619047,0.02457619047619047,3.36,0.19069523809523808,0.027323809523809525,0.16337142857142856
2016-01-31,-0.0141,-0.0197,-0.0345,-0.0117,-0.0304,-0.0136,-0.0372,0.0059,-0.0076,-0.0057,-0.0278,0.0402,-0.0048,0.0032,-0.0507340450366362,-0.0548363657596955,0.02152380952380952,0.04479523809523809,0.023271428571428568,1.44,0.20816190476190483,0.026004761904761906,0.1821571428571429
2016-02-29,-0.0108,-0.0009,-0.0087,-0.0073,-0.0181,-0.0116,-0.0209,0.0021,-0.0105,-0.0155,-0.0176,0.0323,-0.0084,0.0033,-0.00413004801053751,-0.0174826475100139,0.020277272727272727,0.04456363636363636,0.024286363636363634,-4.38,0.19285909090909087,0.025559090909090906,0.16729999999999995
2016-03-31,0.0029,0.017,0.0319,0.0156,0.003,0.0057,0.0017,0.0131,0.0059,-0.0013,0.0067,-0.0283,0.0074,0.0021,0.0659937066108857,0.0500784900816697,0.01748181818181818,0.04178181818181818,0.024299999999999995,-5.01,0.17936363636363636,0.024259090909090907,0.15510454545454547
2016-04-30,0.0034,0.0148,0.0121,-0.0087,0.0167,0.0162,0.0172,-0.0023,0.0142,0.0025,-0.007,-0.0304,0.004,0.0022,0.00269700118981286,0.0065389180989818795,0.017218181818181817,0.04166818181818182,0.024450000000000003,-6.02,0.16381818181818178,0.025127272727272727,0.13869090909090906
2016-05-31,0.0036,0.0058,-0.0021,0.0021,0.0101,0.008,0.0111,0.0048,0.0012,-0.0023,0.0138,-0.032,0.0094,0.0034000000000000002,0.0153333417824539,0.0142400421527233,0.016536363636363637,0.03996363636363637,0.02342727272727273,1.42,0.15088181818181817,0.024345454545454545,0.1265363636363636
2016-06-30,-0.001,0.0056,0.0077,-0.0253,-0.0055,-0.0048,-0.0059,0.0033,-0.005,0.0069,-0.0187,0.0419,-0.001,0.0026,0.0009017948134477639,-0.014720909820557699,0.01570909090909091,0.038127272727272725,0.022418181818181816,4.13,0.1444409090909091,0.02303181818181818,0.12140909090909091
2016-07-31,0.0115,0.0148,0.0179,0.0086,0.0152,0.0107,0.0172,0.0056,0.0108,0.0029,0.013,0.0161,0.0107,0.0027,0.0356140015941877,0.0404192285057969,0.015756521739130436,0.03727391304347826,0.021517391304347825,-3.34,0.13961739130434783,0.023395652173913043,0.11622173913043479
2016-08-31,0.0047,0.0126,0.018,0.001,0.0133,0.0099,0.0147,0.0107,0.0076,0.0018,0.0044,-0.0309,0.0087,0.0033,-0.00122234885800986,0.00205267453117197,0.016272727272727272,0.03723636363636364,0.020963636363636365,-3.49,0.13484545454545455,0.02480454545454545,0.11004090909090909
2016-09-30,0.0012,0.0104,0.0057,0.0062,0.0009,0.0067,-0.0015,0.0066,0.0075,0.0011,0.0013,-0.0172,0.0059,0.0028000000000000004,-0.0012321204097972501,0.00021243912654322902,0.01695238095238095,0.03761904761904762,0.02066666666666667,0.19,0.1264761904761905,0.02555238095238095,0.10092380952380954
2016-10-31,-0.0018,0.0007,0.0039,-0.0027,-0.0008,0.0113,-0.0056,-0.0058,0.0042,0.0151,-0.0093,-0.0417,0.001,0.0034000000000000002,-0.0194250494708417,-0.00748211481695648,0.018631818181818183,0.04123181818181818,0.0226,0.59,0.13227727272727272,0.028613636363636362,0.10366363636363635
2016-11-30,0.0036,-0.0004,-0.0048,-0.0189,0.011,0.0107,0.0113,0.0075,0.005,0.0193,-0.0013,-0.0174,-0.0052,0.0048,0.0341730542946547,0.024459956891767297,0.02063181818181818,0.04339545454545455,0.022763636363636368,-4.62,0.11937272727272727,0.031086363636363638,0.08828636363636364
2016-12-31,0.0096,0.0039,-0.0017,-0.005,0.0123,0.0134,0.012,0.006,0.0091,0.0108,0.0086,0.002,0.0158,0.005,0.0181990369547986,0.0266842695152116,0.020238095238095236,0.04293809523809524,0.022700000000000005,-0.26,0.1095047619047619,0.030333333333333334,0.07917142857142856
2017-01-31,0.007,0.0131,0.0214,0.0201,0.0135,0.0124,0.0142,-0.0002,0.0096,-0.0028,0.0112,-0.0145,0.008,0.0052,0.0178844611927937,0.012261307476649901,0.019805,0.04305,0.023245,-0.93,0.101815,0.030345,0.07147
2017-02-28,0.0097,0.0113,0.0101,-0.0112,0.0107,0.0093,0.0113,0.0098,0.0072,0.0033,0.0136,0.0239,0.0093,0.0053,0.0371988846141699,0.0290450448457353,0.02051304347826087,0.04333913043478261,0.02282608695652174,-1.65,0.10211739130434783,0.03134782608695652,0.0707695652173913
2017-03-31,0.0039,-0.0021,0.0107,0.0125,0.0022,0.0005,0.0031,0.0024,0.0062,0.0019,0.0094,-0.0191,0.01,0.0075,-0.000389220623003061,0.00714084733827458,0.020034999999999997,0.041085,0.021050000000000006,-1.02,0.102975,0.02987,0.073105
2017-04-30,0.0043,0.0029,0.0109,0.0017,0.0058,0.0102,0.0035,0.0106,0.0037,-0.0059,0.0148,-0.0054,0.0083,0.0079,0.00909007990504218,0.00998727669317478,0.02016086956521739,0.040847826086956515,0.020686956521739124,0.48,0.10042173913043477,0.02974782608695652,0.07067391304347825
2017-05-31,0.0082,0.0009,0.0082,-0.0028,0.0096,0.0056,0.0116,0.0112,0.0088,-0.0049,0.0175,0.0043,0.015,0.0096,0.011576989486520499,0.0115032234386462,0.02037272727272727,0.039777272727272724,0.019404545454545452,1.48,0.10114545454545454,0.028681818181818187,0.07246363636363636
2017-06-30,-0.0049,-0.0017,0.0073,0.0048,-0.0045,0.0006,-0.0074,0.0052,0.0036,-0.007,-0.0019,-0.0329,-0.0005,0.0101,0.0048144869756812,-0.0011638294197972,0.020099999999999996,0.040471428571428575,0.02037142857142858,-0.09,0.10392380952380952,0.028904761904761905,0.07501904761904761
2017-07-31,0.0137,0.0122,0.0211,0.0347,0.0124,0.0068,0.015,0.017,0.0087,0.0134,0.019,0.0129,0.0077,0.0105,0.019349245754666,0.013700430345180198,0.019630434782608695,0.039595652173913046,0.01996521739130435,1.68,0.10491304347826087,0.02836086956521739,0.07655217391304348
2017-08-31,0.0059,-0.0028,0.0174,0.0097,-0.0071,0.0018,-0.0113,-0.0052,0.0055,0.0036,0.0083,0.0277,0.0074,0.009899999999999999,0.000546566274547188,-0.00061920197252252,0.019918181818181818,0.0394,0.01948181818181818,3.26,0.10447272727272727,0.02838636363636364,0.07608636363636363
2017-09-30,-0.0015,0.0066,0.0163,-0.0008,0.0038,0.0069,0.0024,0.0049,-0.0119,0.0012,0.0024,-0.0266,-0.0013,0.0104,0.0193026763296675,0.0215815344002008,0.020640909090909088,0.039786363636363634,0.019145454545454545,-1.32,0.10337272727272728,0.028718181818181816,0.07465454545454547
2017-10-31,0.0128,0.0041,0.0181,-0.0059,0.0024,0.0053,0.0011,0.0002,0.0082,0.0079,0.0205,0.0499,0.0061,0.0113,0.0221898283002104,0.0246362338104286,0.022436363636363636,0.03965909090909091,0.01722272727272727,4.27,0.1078090909090909,0.029227272727272727,0.07858181818181817
2017-11-30,0.001,-0.0053,0.0048,-0.0044,-0.0027,-0.0038,-0.002,-0.0051,0.0048,0.0008,0.0036,-0.0009,0.0012,0.0125,0.028081044037431,0.0139869767640914,0.02371904761904762,0.039357142857142854,0.015638095238095236,-0.87,0.10679047619047619,0.029547619047619048,0.07724285714285714
2017-12-31,0.0091,0.0099,0.0108,0.024,0.0154,0.0152,0.0161,0.0059,0.0091,0.0099,0.0083,0.0164,-0.0048,0.0137,0.00983184507423562,0.010068793032539101,0.02505,0.0401,0.015049999999999997,-1.54,0.1015681818181818,0.030795454545454546,0.07077272727272725
2018-01-31,0.0271,0.0182,0.0357,0.0206,0.0161,0.0138,0.0173,0.011,0.0087,0.0313,0.0311,0.0466,0.0289,0.0144,0.056178494549969,0.0370590718243266,0.027425,0.04276,0.015334999999999998,4.05,0.105905,0.033125,0.07278
2018-02-28,-0.0212,-0.0093,-0.0135,-0.0163,-0.0131,-0.0058,-0.016,-0.0132,0.0039,-0.0199,-0.0193,-0.075,-0.0215,0.0163,-0.0389471675046767,-0.0369287709826421,0.029718181818181817,0.043227272727272725,0.013509090909090908,3.58,0.10604545454545454,0.034027272727272725,0.07201818181818181
2018-03-31,-0.0006,-0.0003,-0.0095,0.0033,-0.0053,-0.0043,-0.0057,-0.0035,0.0048,-0.005,-0.0012,-0.0027,0.0098,0.017,-0.026886184436863098,-0.025446076914411,0.030633333333333335,0.04407619047619048,0.013442857142857142,-1.13,0.10144285714285713,0.0344,0.06704285714285713
2018-04-30,0.0005,0.0018,-0.0065,0.0055,0.004,0.0005,0.0057,-0.0039,0.0036,0.0012,0.0027,-0.006,-0.003,0.0184,0.00272008288407477,0.0174165730046291,0.03147826086956522,0.04588260869565217,0.014404347826086954,0.36,0.09859565217391304,0.03531304347826087,0.06328260869565216
2018-05-31,0.0028,-0.0056,0.0017,-0.0107,0.0052,-0.0017,0.008,0.0028,-0.0079,0.0154,0.0038,-0.011,0.0036,0.0189,0.021610392796587597,0.00949616380026374,0.03222727272727273,0.04604545454545454,0.013818181818181813,3.89,0.09642272727272727,0.03512727272727273,0.06129545454545454
2018-06-30,-0.0023,-0.0038,-0.0387,-0.0011,0.0065,0.0063,0.0064,0.0092,0.0017,-0.0038,-0.0099,0.0143,0.0008,0.0189,0.00484191610834816,0.00203573491581798,0.03272272727272727,0.046136363636363635,0.013413636363636364,-2.35,0.09948181818181817,0.03485909090909091,0.06462272727272726
2018-07-31,0.0036,0.0041,0.0015,0.0,0.0062,0.0091,0.0056,-0.0037,0.0042,0.0019,0.0143,-0.0113,-0.0034,0.0199,0.0360197623059455,0.0307578890543527,0.03229130434782609,0.04562173913043479,0.013330434782608702,-1.41,0.09748260869565216,0.034560869565217395,0.06292173913043476
2018-08-31,0.0012,-0.0036,-0.0291,0.0014,0.0017,0.0003,0.002,0.0071,0.003,-0.0073,0.0005,0.025,0.007,0.0207,0.0302628945799421,0.011418675633481302,0.03317619047619048,0.04645238095238095,0.013276190476190476,5.29,0.09664761904761905,0.03576190476190476,0.06088571428571429
2018-09-30,0.001,0.0087,-0.0136,-0.0037,0.0023,-0.0015,0.0038,0.0048,0.0021,0.0035,0.0006,-0.0071,0.0061,0.0215,0.00429446387458143,0.0056171426503353,0.03437826086956522,0.04821739130434783,0.01383913043478261,0.04,0.10109130434782608,0.03735652173913044,0.06373478260869564
2018-10-31,-0.0257,-0.0138,-0.0255,-0.0209,-0.0272,-0.0091,-0.0355,-0.0149,-0.0024,-0.0138,-0.0448,-0.0348,-0.019,0.0229,-0.0694012521964936,-0.0688043979512977,0.035745454545454546,0.04966818181818182,0.013922727272727274,-1.99,0.11487727272727272,0.037668181818181816,0.0772090909090909
2018-11-30,-0.0059,-0.0012,0.0059,-0.043,-0.0041,-0.0033,-0.005,0.006,-0.0058,-0.0066,0.0017,-0.0099,-0.0133,0.0232,0.0178592968842066,0.00972348027742664,0.035875,0.049275,0.013400000000000002,-1.37,0.127715,0.03603,0.09168499999999999
2018-12-31,-0.0119,-0.0174,-0.013,0.0154,-0.0314,-0.0198,-0.0382,0.0005,-0.0048,0.003,-0.0246,0.008,-0.0055,0.024,-0.09177937709315889,-0.0797273868200257,0.033977272727272724,0.048081818181818184,0.01410454545454546,2.11,0.12394999999999999,0.034690909090909085,0.0892590909090909
2019-01-31,0.0177,0.0287,0.0373,0.0141,0.0252,0.0121,0.0315,0.0143,0.0109,0.0106,0.0353,-0.0184,0.0097,0.0236,0.0786858482807935,0.071360152988239,0.03211,0.045899999999999996,0.013789999999999997,-8.68,0.11778000000000001,0.03338,0.0844
2019-02-28,0.0108,0.0059,0.0385,0.0022,0.0162,0.01,0.0197,0.0024,0.0075,0.0001,0.0145,0.0055,0.008,0.024,0.029729211783817,0.0315732874146792,0.03041818181818182,0.04386818181818182,0.01345,0.86,0.11739545454545454,0.03299090909090909,0.08440454545454545
2019-03-31,0.0109,0.003,0.0045,0.009,0.0075,-0.0007,0.0113,0.0023,0.0034,0.0153,0.003,0.0457,0.0122,0.0235,0.0179237263211957,0.0134819434235879,0.02962857142857143,0.0425,0.012871428571428572,2.21,0.11174761904761904,0.03235238095238095,0.07939523809523809
2019-04-30,0.0136,0.0111,0.0021,-0.024,0.0189,0.0216,0.0186,0.0048,0.0035,0.014,0.0184,0.0268,0.0104,0.023799999999999998,0.0393138139866811,0.0358416749716634,0.028743478260869565,0.04120434782608696,0.012460869565217393,-2.97,0.11091739130434781,0.031613043478260876,0.07930434782608695
2019-05-31,-0.01,-0.0035,-0.0237,0.0169,-0.0112,-0.0158,-0.0097,-0.0039,0.0019,-0.0087,-0.0236,-0.0061,-0.0004,0.023,-0.065777027995352,-0.0600574572727353,0.02565238095238095,0.038180952380952385,0.012528571428571434,7.56,0.11483333333333333,0.02867619047619048,0.08615714285714285
2019-06-30,0.02,0.0049,0.0365,0.005,0.0162,0.0096,0.0197,0.0061,0.0067,0.0401,0.0182,0.0262,0.0109,0.0208,0.0689292938332364,0.057631561043833796,0.024917391304347825,0.036608695652173916,0.01169130434782609,-2.3,0.11875217391304348,0.02783478260869565,0.09091739130434782
2019-07-31,0.0072,-0.0023,0.0172,-0.0021,-0.002,-0.0147,0.0031,-0.0007,0.0013,0.0096,0.0073,0.0353,0.0028,0.0204,0.013127586423792501,0.011115750407004299,0.02274782608695652,0.03371739130434783,0.01096956521739131,2.89,0.12143478260869564,0.02453913043478261,0.09689565217391304
2019-08-31,-0.0014,-0.0029,-0.0498,-0.0046,-0.0124,-0.0164,-0.0115,-0.003,-0.004,0.0033,-0.005,0.042,0.0071,0.0195,-0.0180919032406308,-0.0214644793262084,0.022947619047619047,0.03428571428571428,0.011338095238095234,6.92,0.11873333333333332,0.02506190476190476,0.09367142857142856
2019-09-30,-0.0032,0.0012,-0.0079,-0.0107,-0.0005,-0.0039,0.0004,0.006,0.0055,0.0082,-0.0012,-0.0404,-0.0031,0.0184,0.0171808858783675,0.021503346979235796,0.021695652173913046,0.0345695652173913,0.012873913043478256,-6.81,0.12343478260869563,0.0248,0.09863478260869563
2019-10-31,0.0034,0.0013,0.033,0.0013,-0.0018,0.0029,-0.0045,0.0085,0.0064,-0.0057,0.0136,-0.03,0.0062,0.0151,0.0204341727074846,0.0178858620767212,0.021819047619047616,0.0348,0.012980952380952381,0.15,0.1273238095238095,0.025366666666666666,0.10195714285714284
2019-11-30,0.0047,0.0104,0.0004,-0.0057,0.0059,-0.002,0.0097,0.0005,0.005,-0.0018,0.0131,0.0021,0.0008,0.015600000000000001,0.0340457608872843,0.0299492250959423,0.021619047619047618,0.03408571428571429,0.012466666666666671,-2.66,0.12207619047619048,0.025352380952380953,0.09672380952380952
2019-12-31,0.0161,0.0214,0.0427,0.0151,0.0181,0.0118,0.0214,0.0106,0.0114,0.0151,0.0231,0.0022,0.0057,0.0152,0.0285902184801358,0.021683405583108502,0.020281818181818182,0.03265909090909091,0.012377272727272726,-1.77,0.11543181818181818,0.02448181818181818,0.09095
2020-01-31,0.0016,0.0013,0.003,-0.0116,0.001,0.006,-0.0012,0.0023,0.0063,0.0,-0.0079,0.0125,0.0105,0.0152,-0.00162983256304027,-0.00323880844117185,0.018571428571428572,0.030676190476190475,0.012104761904761903,5.98,0.11595238095238097,0.022414285714285716,0.09353809523809525
2020-02-29,-0.0199,0.0107,-0.0056,-0.0106,-0.0284,-0.0136,-0.0366,-0.0071,0.0017,-0.0204,-0.033,-0.0147,-0.0156,0.0125,-0.0841082808078488,-0.0823773646231446,0.028718181818181816,0.03847727272727273,0.009759090909090912,-0.4,0.16352272727272726,0.023395454545454542,0.1401272727272727
2020-03-31,-0.0728,-0.0643,-0.1027,-0.0312,-0.1347,-0.1009,-0.1559,-0.0635,-0.0651,-0.0619,-0.0741,0.0027,-0.0598,0.0011,-0.12512015470937998,-0.130738279936992,0.025166666666666667,0.03822857142857143,0.013061904761904764,7.97,0.17719047619047618,0.019138095238095242,0.15805238095238094
2020-04-30,0.0243,0.0192,0.0404,0.0164,0.0434,0.0282,0.0512,0.0361,-0.0191,0.0287,0.0432,-0.0088,0.0158,0.0009,0.126843974608468,0.10387846397111901,0.017131818181818182,0.033036363636363635,0.015904545454545452,-5.23,0.1763590909090909,0.018045454545454545,0.15831363636363638
2020-05-31,0.0249,0.0181,0.0233,-0.0019,0.0285,0.0082,0.0392,0.0138,0.02,0.0217,0.0408,-0.0058,0.0209,0.0014000000000000002,0.0452799231062939,0.0452068696804879,0.012027272727272727,0.028386363636363633,0.016359090909090906,0.43,0.14185,0.015813636363636363,0.12603636363636364
2020-06-30,0.0116,0.0201,0.0634,0.0189,0.0235,0.0192,0.0253,0.0236,0.0267,-0.0046,0.0111,-0.0145,0.0023,0.0016,0.0183884239397724,0.0222814747974746,0.009591304347826088,0.026043478260869564,0.016452173913043475,-0.73,0.13590869565217392,0.014952173913043479,0.12095652173913045
2020-07-31,0.0264,0.0372,0.044,0.0434,0.0174,-0.0024,0.0232,0.0232,0.018,0.0433,0.016,0.0283,0.03,0.0009,0.0551045289429832,0.0329583065833376,0.008133333333333333,0.02533809523809524,0.017204761904761907,7.61,0.12413333333333332,0.015138095238095237,0.10899523809523808
2020-08-31,0.0172,0.0138,0.0146,-0.0007,0.0321,0.0185,0.0387,0.0077,0.0119,0.0189,0.0267,-0.0154,0.0092,0.0011,0.0700626385152238,0.0611839572723675,0.007745454545454545,0.0253,0.017554545454545455,0.55,0.11919090909090908,0.015836363636363635,0.10335454545454545
2020-09-30,-0.0093,0.004,-0.0094,-0.0112,-0.002,-0.0069,-0.0015,0.0089,0.0059,-0.0163,-0.015,-0.0219,-0.0052,0.001,-0.0392278371582998,-0.0303546929110062,0.007834782608695651,0.025560869565217394,0.017726086956521742,3.12,0.11400434782608697,0.016386956521739132,0.09761739130434784
2020-10-31,-0.0047,0.0049,-0.0189,-0.0047,-0.0032,-0.0019,-0.004,0.0014,0.0078,-0.0108,-0.0063,-0.0015,-0.002,0.0009,-0.027665753706912103,-0.0312583763742825,0.007247619047619047,0.02496190476190476,0.017714285714285714,-3.05,0.10291428571428572,0.016252380952380952,0.08666190476190477
2020-11-30,0.0299,0.0283,0.042,-0.0057,0.0675,0.069,0.0689,0.0478,0.0111,0.0253,0.04,0.0073,0.0102,0.0008,0.107547016800892,0.11844408274458801,0.0063318181818181815,0.023986363636363636,0.017654545454545454,-12.43,0.08847272727272726,0.015936363636363634,0.07253636363636362
2020-12-31,0.0378,0.0083,0.0326,0.0178,0.0376,0.0232,0.0401,0.0605,0.0138,0.0448,0.0415,0.0527,0.0419,0.0009,0.0371208298231231,0.0340617205709519,0.005885714285714285,0.024566666666666667,0.01868095238095238,-2.32,0.08029523809523809,0.016771428571428573,0.06352380952380951
2021-01-31,-0.0022,0.0134,0.0386,-0.0008,0.014,0.0027,0.0142,0.0437,0.0134,0.0032,-0.028,-0.012,-0.0049,0.0006,-0.0111363107774339,-0.00832539578376267,0.005680952380952381,0.026090476190476188,0.020409523809523808,4.5,0.07314285714285713,0.017804761904761903,0.05533809523809523
2021-02-28,0.0233,0.0212,0.0104,0.0145,0.0315,0.0355,0.0324,0.0132,0.0036,0.0091,0.0455,0.0312,0.0146,0.0004,0.0260906644814498,0.025350511661970998,0.006769565217391305,0.030056521739130437,0.023286956521739132,-7.89,0.07490434782608694,0.02086086956521739,0.054043478260869554
2021-03-31,0.0073,-0.0081,-0.0219,-0.0046,0.0164,0.0229,0.0199,-0.0359,0.0041,0.015,0.0074,0.0036,0.0111,0.0003,0.0424392819644567,0.0398920819986909,0.006557142857142857,0.029590476190476188,0.02303333333333333,-6.14,0.07184761904761905,0.02013809523809524,0.05170952380952381
2021-04-30,0.0259,0.0071,0.0308,0.0239,0.0192,0.0171,0.019,0.0261,0.0124,0.0355,0.031,0.0269,0.0223,0.0001,0.0524259597500724,0.0390975469764054,0.006028571428571428,0.02960952380952381,0.023580952380952383,1.16,0.07193809523809523,0.020152380952380953,0.05178571428571428
2021-05-31,0.011,0.0069,0.0073,0.0072,0.011,0.015,0.0104,0.0051,0.005,0.0264,0.0042,0.0176,0.0099,0.0001,0.00548545583153159,0.00849106501133478,0.006213636363636363,0.028190909090909093,0.02197727272727273,0.88,0.06853636363636365,0.019290909090909088,0.04924545454545456
2021-06-30,-0.0067,0.0014,0.012,-0.0104,0.0057,0.0071,0.0059,0.0003,-0.0007,-0.0277,-0.0065,-0.0056,-0.0089,0.0005,0.0222130425006987,0.0224591022989673,0.006360869565217391,0.02643913043478261,0.02007826086956522,2.2,0.06765217391304348,0.018126086956521736,0.04952608695652175
2021-07-31,0.0029,-0.0087,-0.0447,0.0154,-0.0053,-0.0087,-0.0042,-0.0054,0.0056,0.001,0.0144,0.0086,0.0105,0.0006,0.022749835231048898,0.0164761545587377,0.006468181818181818,0.0264,0.019931818181818182,-2.28,0.07295454545454545,0.018131818181818183,0.05482272727272727
2021-08-31,0.0092,0.0081,0.0186,-0.0005,0.0234,0.0053,0.0307,0.01,0.0026,0.0086,0.0088,0.0004,0.0031,0.0004,0.028989418612475202,0.025332027108831697,0.006459090909090909,0.026677272727272727,0.020218181818181816,2.45,0.07253636363636363,0.01823636363636364,0.054299999999999994
2021-09-30,-0.0002,0.0034,-0.0024,-0.0035,0.0061,0.0115,0.0068,-0.0131,-0.0001,0.0158,-0.0154,0.0094,-0.0001,0.0004,-0.0475694417683175,-0.0382533430948561,0.00805909090909091,0.02854090909090909,0.020481818181818177,1.49,0.07565000000000001,0.01978636363636364,0.055863636363636365
2021-10-31,0.0128,0.0136,0.0164,0.0048,0.017,0.0113,0.0197,0.0089,-0.0031,0.0036,0.022,0.0387,0.0035,0.0005,0.0691434052295609,0.0543240120464376,0.00980909090909091,0.028618181818181817,0.018809090909090907,3.19,0.07807272727272727,0.020054545454545453,0.058018181818181816
2021-11-30,-0.0221,-0.0022,-0.0119,-0.0047,-0.0184,-0.0083,-0.0237,0.0011,-0.0046,-0.0311,-0.0298,-0.0395,-0.0141,0.0005,-0.00833268527201702,-0.0157413059143943,0.0118,0.02848181818181818,0.01668181818181818,0.88,0.07966818181818183,0.02040454545454545,0.05926363636363638
2021-12-31,0.0192,0.0058,0.0007,0.0192,0.0026,0.0076,0.0015,0.0001,0.0131,0.0349,0.0299,0.0021,0.0213,0.0006,0.0436131844231595,0.0391210587156805,0.014252380952380952,0.0316,0.01734761904761905,-2.6,0.08284285714285713,0.023014285714285716,0.05982857142857142
2022-01-31,-0.0066,-0.0095,-0.0193,-0.0082,-0.0203,-0.0098,-0.0251,-0.0088,-0.0006,0.0344,-0.0243,0.0143,-0.012,0.0022,-0.0525861879944518,-0.0498419899804382,0.019764999999999998,0.035234999999999995,0.015469999999999998,-2.6,0.090815,0.02619,0.064625
2022-02-28,0.0037,-0.0035,-0.0271,0.0051,-0.0042,0.0033,-0.0072,-0.0004,-0.0059,0.0326,-0.0144,0.021,0.0203,0.0034999999999999996,-0.0313601899557314,-0.0277245603554193,0.027604347826086957,0.03902608695652174,0.011421739130434781,1.76,0.09855217391304348,0.02914782608695652,0.06940434782608695
2022-03-31,0.0243,-0.0118,-0.0275,0.0024,0.0025,0.004,0.0023,0.0031,-0.0031,0.0879,0.0051,0.0849,0.0228,0.0052,0.035774229488720596,0.028849169096560198,0.03154761904761905,0.04437619047619048,0.012828571428571432,3.01,0.10425714285714284,0.03403333333333333,0.07022380952380951
2022-04-30,0.0039,0.0048,-0.0117,-0.0091,-0.008,0.0014,-0.0095,-0.0125,-0.0054,0.0306,-0.0184,0.0443,0.0127,0.0085,-0.0879582063658659,-0.0702243184689325,0.033804545454545455,0.047777272727272724,0.013972727272727269,4.87,0.1264727272727273,0.03628181818181817,0.09019090909090913
2022-05-31,-0.0063,-0.0239,0.0044,0.0116,-0.0131,-0.0133,-0.0109,-0.0311,0.0034,0.0156,-0.0046,-0.0006,-0.0388,0.0116,5.35758777635564e-05,-0.00473445166369057,0.038636363636363635,0.05033181818181818,0.011695454545454544,2.43,0.13772272727272727,0.0388,0.09892272727272727
2022-06-30,-0.0206,-0.006,0.023,-0.0108,-0.0358,-0.0241,-0.041,-0.0192,-0.0186,-0.0315,-0.0277,0.0114,-0.0179,0.0172,-0.08391832875495851,-0.07885015766505381,0.03980909090909091,0.049286363636363635,0.009477272727272723,0.75,0.1457181818181818,0.036954545454545455,0.10876363636363634
2022-07-31,0.0053,0.0038,-0.0082,-0.0169,0.0108,-0.0064,0.0162,0.0076,0.0073,0.0135,0.0124,-0.0245,0.0021,0.0241,0.0911138343724151,0.0789755278420456,0.040904347826086956,0.048786956521739124,0.007882608695652167,-3.95,0.1323217391304348,0.037465217391304345,0.09485652173913045
2022-08-31,0.0051,0.0128,-0.0086,0.0147,0.0071,0.0168,0.0047,0.0122,-0.0002,0.0208,-0.0132,0.0307,0.0082,0.0296,-0.042439381289906805,-0.0361287592798852,0.047377272727272726,0.05570454545454545,0.008327272727272725,2.04,0.15640909090909091,0.04364545454545455,0.11276363636363637
2022-09-30,-0.0068,-0.0045,-0.0234,-0.0101,-0.0251,-0.0051,-0.031,-0.0182,-0.0077,0.0199,-0.0274,0.0346,-0.0041,0.0333,-0.0933944350891371,-0.08475940483563321,0.05487619047619048,0.061490476190476186,0.0066142857142857045,3.51,0.1655095238095238,0.04890952380952381,0.11659999999999998
2022-10-31,0.0055,-0.0029,-0.0172,0.0042,0.0086,-0.0069,0.0113,0.0189,0.0042,-0.0095,0.0167,0.0028,0.0142,0.042199999999999994,0.0798614438096445,0.0707056068042768,0.05497272727272727,0.05866818181818182,0.0036954545454545504,3.96,0.16139090909090906,0.04744090909090909,0.11394999999999997
2022-11-30,0.0026,-0.0025,0.0419,0.0165,0.0093,-0.0049,0.0107,0.0165,0.0034,-0.0485,0.0368,-0.0465,0.0114,0.0437,0.0537527260261996,0.055003324008829596,0.0521,0.054618181818181816,0.0025181818181818152,-1.98,0.1517909090909091,0.04462272727272727,0.10716818181818182
2022-12-31,0.001,0.0102,0.0151,0.0186,-0.0006,-0.0001,-0.0022,0.0109,0.0138,-0.0108,0.0019,0.01,-0.0046,0.044199999999999996,-0.058971490676859195,-0.0517628139342537,0.05101904761904762,0.052642857142857144,0.0016238095238095274,4.55,0.14436190476190475,0.043690476190476196,0.10067142857142855
2023-01-31,0.0185,0.0025,0.0376,0.0081,0.022,0.0142,0.025,0.0139,0.0138,0.0273,0.0329,-0.0262,0.0055,0.047,0.061754771067837604,0.0643179339378305,0.05315,0.05437,0.0012199999999999989,-16.01,0.14154,0.045755,0.09578500000000001
2023-02-28,-0.0094,0.0014,-0.02,-0.0044,-0.0036,0.0012,-0.0049,-0.0028,0.0061,-0.0482,-0.0087,0.0182,0.0028,0.048799999999999996,-0.026112514640123798,-0.0169452987125259,0.054452173913043474,0.05498260869565217,0.0005304347826086964,0.15,0.14951739130434782,0.0455,0.10401739130434783
2023-03-31,-0.0072,0.0001,0.02,0.01,-0.0051,-0.0085,-0.0047,-0.0011,-0.0026,-0.0523,0.016,-0.0611,0.0035,0.048499999999999995,0.0350512906240898,0.022272385857458003,0.051815,0.052585,0.0007699999999999999,-2.47,0.147795,0.043005,0.10479000000000001
2023-04-30,0.0031,-0.0036,-0.0063,0.008,0.0068,0.0058,0.0082,-0.0008,0.0025,0.0003,0.0041,0.021,-0.0017,0.051,0.014642098118692099,0.0144409501906619,0.05331739130434783,0.05443043478260869,0.0011130434782608625,1.62,0.14624347826086956,0.04446521739130435,0.1017782608695652
2023-05-31,-0.0018,0.0063,0.0,-0.0136,0.0006,0.0065,0.0005,-0.0096,0.0031,-0.0227,0.0001,0.0173,0.0003,0.0552,0.00248089871075873,-0.00467162949470312,0.056563636363636365,0.05540454545454545,-0.0011590909090909152,-0.63,0.14102727272727272,0.04624090909090909,0.09478636363636364
2023-06-30,0.0157,0.0063,0.0036,0.0223,0.0209,0.0215,0.0203,0.024,0.0078,0.0351,0.0157,0.0125,0.0068,0.054299999999999994,0.0647289827345887,0.0557192934735666,0.0572,0.055823809523809526,-0.0013761904761904753,-2.37,0.13623809523809524,0.04730476190476192,0.08893333333333332
2023-07-31,0.013,0.0071,-0.0113,0.0024,0.0129,0.0056,0.0142,0.0175,0.0122,-0.0026,0.0129,-0.007,0.0425,0.0555,0.031138865858733,0.0284505864619462,0.05790434782608696,0.058017391304347826,0.00011304347826086858,-3.98,0.1360391304347826,0.04945652173913044,0.08658260869565217
2023-08-31,0.0017,0.0039,-0.011,-0.0039,0.0007,-0.0051,0.0022,0.0007,0.0044,-0.0101,-0.0004,-0.0026,0.018,0.0556,-0.017716285687521,-0.0192229043418526,0.0593409090909091,0.059690909090909086,0.0003499999999999892,3.77,0.13668181818181818,0.05114545454545455,0.08553636363636363
2023-09-30,0.0033,-0.0078,-0.0057,0.0067,0.001,0.0031,-0.0001,0.0052,-0.001,0.0144,-0.0088,0.0377,0.0063,0.0555,-0.048718754745776,-0.0382888734063282,0.06106363636363636,0.06429090909090909,0.0032272727272727314,0.26,0.14808181818181818,0.05474999999999999,0.09333181818181818
2023-10-31,-0.0013,0.0019,0.0062,0.0059,-0.0151,-0.006,-0.0171,-0.0174,0.0051,0.0038,-0.004,0.0006,0.0005,0.0559,-0.0219804052600026,-0.026905746193642298,0.05879090909090909,0.06033181818181818,0.0015409090909090928,1.73,0.14610909090909088,0.051449999999999996,0.09465909090909089
2023-11-30,0.0146,0.0061,0.0197,0.0192,0.0237,0.0137,0.0273,0.0159,0.0137,-0.0078,0.0372,-0.0295,0.002,0.0545,0.0891786927942057,0.08133996084200129,0.05367142857142857,0.05404285714285714,0.00037142857142857116,2.75,0.13356190476190474,0.046323809523809524,0.08723809523809523
2023-12-31,0.007,0.0156,0.0066,0.0051,0.0253,0.0158,0.0277,0.0255,0.0094,0.0137,0.0084,-0.0049,-0.008,0.054000000000000006,0.0442293507960971,0.040664472958834796,0.052000000000000005,0.05381818181818182,0.001818181818181816,-5.53,0.13422727272727272,0.04633636363636364,0.08789090909090908
