Date,HFI,CA,EM,EMN,ED,EDD,EDM,EDRA,FIA,GM,LE,MF,M,SP500,spread_mat,Mom,default_spread
1996-12-31,0.0031,0.0085,0.0243,0.0095,0.0188,0.0219,0.017,0.0112,0.0175,-0.0076,0.0082,-0.0183,0.0226,-0.021505376344086,0.008627272727272733,0.63,0.07092272727272725
1997-01-31,0.0548,0.0103,0.0946,0.0317,0.023,0.0242,0.0233,0.0128,0.0148,0.0821,0.0349,0.03,0.0153,0.0613170613170612,0.008268421052631578,1.96,0.06792105263157895
1997-02-28,0.013,0.0133,0.0769,0.0197,0.0149,0.0216,0.0103,0.0022,0.011,0.0182,-0.0158,0.0143,0.0235,0.0059275465554087204,0.008184999999999998,-2.13,0.062695
1997-03-31,-0.0141,0.0094,-0.0078,-0.0115,0.0018,0.0038,0.0008,-0.0042,0.0072,-0.0217,-0.0227,-0.0095,0.0053,-0.0426139955995044,0.008190909090909096,0.9,0.06478181818181818
1997-04-30,0.0286,0.0102,0.0197,0.0121,0.0033,0.0052,0.0048,-0.0167,0.0124,0.0595,0.0001,-0.0269,0.0056,0.0584055367709215,0.008095454545454545,4.84,0.06475454545454547
1997-05-31,0.0088,0.0168,0.0297,0.0303,0.0291,0.0345,0.0268,0.0131,0.0101,-0.0202,0.0514,-0.0076,0.011,0.058576883719769296,0.0072904761904761806,-5.17,0.061890476190476176
1997-06-30,0.0226,0.0209,0.0681,0.0118,0.017,0.0113,0.0208,0.0239,0.0087,0.021,0.0228,0.0021,0.0127,0.0434526335643892,0.0062772727272727286,2.6,0.06526818181818181
1997-07-31,0.0699,0.0211,0.0646,0.0326,0.0358,0.0353,0.0393,0.0121,0.0109,0.1013,0.0703,0.0569,0.0103,0.0781232347425264,0.006577272727272723,3.77,0.060022727272727255
1997-08-31,-0.0126,0.0175,-0.0365,-0.0092,-0.0026,-0.0091,0.0013,0.0057,0.0082,-0.0241,0.0062,-0.0727,0.0126,-0.0574458497940877,0.006195238095238087,-2.56,0.055928571428571425
1997-09-30,0.0399,0.0103,0.0278,0.0181,0.025,0.0297,0.0227,0.0148,0.0115,0.0463,0.0591,0.0363,0.024,0.053153523741758996,0.005534782608695651,1.47,0.053908695652173905
1997-10-31,-0.0164,0.0046,-0.0786,0.0081,0.0045,0.0122,-0.0005,0.0002,-0.0158,-0.0189,-0.0084,-0.0073,0.0312,-0.0344776623595979,0.004495238095238108,-0.57,0.0625142857142857
1997-11-30,0.01,-0.0082,-0.0476,-0.0038,0.0133,0.0184,0.0097,0.0109,0.004,0.0346,-0.0122,-0.0068,0.0073,0.0445868229428614,0.0036863636363636404,0.33,0.06762727272727272
1997-12-31,0.0322,0.0101,0.043,0.0004,0.0191,0.0039,0.0298,0.0201,0.0071,0.0514,0.0155,0.0282,0.0107,0.015731630730583902,0.004745454545454553,3.98,0.06554545454545452
1998-01-31,-0.0121,0.0084,-0.059,0.0091,0.0173,0.0376,-0.002,-0.0054,-0.0084,-0.0218,-0.0093,0.0087,0.003,0.010150139628824299,0.004957142857142861,0.14,0.06366666666666665
1998-02-28,0.0196,0.0163,0.02,0.0185,0.0256,0.028,0.0217,0.0381,0.0081,0.0021,0.0564,-0.0028,0.0154,0.0704492593952748,0.004709090909090913,-1.12,0.06178181818181818
1998-03-31,0.0594,0.0142,0.0363,0.0197,0.0248,0.0127,0.0382,0.0238,0.0161,0.1016,0.0503,0.0106,0.0156,0.049945680141803395,0.00467619047619048,2.15,0.0631142857142857
1998-04-30,0.0095,0.0127,-0.0018,0.0029,0.0073,0.0051,0.009,0.0164,-0.0001,0.0157,0.0114,-0.0403,0.0181,0.00907646925346039,0.004831818181818187,0.74,0.06785454545454545
1998-05-31,0.0026,0.0065,-0.0978,0.0131,-0.012,-0.0141,-0.011,0.0023,-0.0021,0.0337,-0.0169,0.0325,0.0122,-0.018826174949404098,0.0041454545454545424,1.82,0.07186363636363635
1998-06-30,0.0159,-0.0037,-0.0468,0.0047,-0.0079,0.0031,-0.0201,-0.0053,-0.0108,0.0328,0.034,0.0091,0.0024,0.039438220788031,0.0046130434782608795,7.28,0.0736521739130435
1998-07-31,0.009,0.0052,0.0008,-0.001,0.0004,0.0039,-0.0027,-0.0037,0.0048,0.018,0.0061,-0.0112,0.007,-0.0116153954702602,0.00578571428571429,3.69,0.08065714285714286
1998-08-31,-0.0755,-0.0464,-0.2303,-0.0085,-0.1177,-0.1245,-0.1152,-0.0615,-0.0146,-0.0484,-0.1143,0.0995,0.0115,-0.14579671089616,0.0073136363636363624,1.84,0.10548636363636363
1998-09-30,-0.0231,-0.0323,-0.074,0.0095,-0.0296,-0.0143,-0.0474,-0.0065,-0.0374,-0.0512,0.0347,0.0687,0.0057,0.062395537355841496,0.009473913043478256,-0.81,0.12236086956521736
1998-10-31,-0.0457,-0.0468,0.0168,0.0248,0.0066,0.0089,0.0026,0.0241,-0.0696,-0.1155,0.0174,0.0121,-0.0476,0.0802941957306222,0.007171428571428579,-5.37,0.11310952380952383
1998-11-30,0.0136,0.0206,0.0468,0.021,0.0277,0.0317,0.0241,0.0204,0.0155,-0.0108,0.0374,-0.018,0.0195,0.0591260342049932,0.006509090909090909,1.2,0.12880454545454545
1998-12-31,0.0303,0.0035,-0.0384,0.0124,0.017,0.0155,0.0189,0.0155,0.0173,0.0234,0.0656,0.028,0.0132,0.056375308302467106,0.0066571428571428545,8.92,0.11951428571428574
1999-01-31,0.008,0.0227,-0.0292,0.0069,0.0188,0.0222,0.0178,-0.0151,0.019,-0.0288,0.0497,-0.0314,0.0163,0.0410094123963782,0.006876190476190466,3.03,0.12478095238095237
1999-02-28,-0.0131,0.0122,0.0117,0.0061,-0.0005,0.0007,-0.0006,-0.0137,0.0152,-0.016,-0.0314,-0.0054,0.0126,-0.0322825169578945,0.007921739130434785,-0.1,0.1309608695652174
1999-03-31,0.0122,0.0104,0.0743,0.0135,0.0239,0.0289,0.0181,0.0256,0.0134,-0.02,0.0376,-0.0107,0.0022,0.038794182487705095,0.008731818181818188,-1.27,0.13915454545454542
1999-04-30,0.0263,0.0214,0.0649,0.0202,0.0307,0.0314,0.0297,0.0339,0.0163,0.0179,0.0329,0.0267,0.0029,0.037943981902563005,0.009357142857142862,-9.04,0.1241142857142857
1999-05-31,0.0013,0.0189,-0.0123,0.0144,0.0217,0.0243,0.0186,0.0247,0.0088,-0.0005,-0.0082,-0.0293,0.0038,-0.0249704159738762,0.009459090909090903,-5.19,0.11824545454545451
1999-06-30,0.0328,0.0081,0.049,0.0192,0.0293,0.0249,0.0357,0.0122,0.0075,0.0302,0.0465,0.0276,-0.0205,0.054438333435752495,0.00906521739130435,5.06,0.11451739130434783
1999-07-31,0.0026,0.0109,-0.0155,0.0166,0.0132,0.0196,0.0067,0.0016,0.0049,-0.0191,0.0154,-0.0072,0.0101,-0.0320460985932935,0.007731818181818187,1.66,0.10845
1999-08-31,-0.009,0.0023,-0.0266,0.0111,0.0011,0.0019,-0.0005,0.008,-0.0041,-0.0285,-0.0027,-0.0032,0.0099,-0.0062541393220543195,0.0076818181818181785,3.12,0.11633181818181823
1999-09-30,-0.0032,0.0139,-0.0065,0.0022,0.0104,0.0173,0.0011,0.0216,0.0074,-0.0318,0.006,0.0181,0.0004,-0.0285517377178301,0.007836363636363627,6.47,0.11444999999999994
1999-10-31,0.0237,0.007,0.0366,0.0082,0.0035,-0.003,0.0096,0.0175,0.0091,0.0244,0.0439,-0.0482,0.0009,0.0625394672217414,0.006822727272727286,5.5,0.12917272727272727
1999-11-30,0.0496,0.013,0.0929,0.0156,0.0204,0.0155,0.0273,0.0052,0.0078,0.044,0.0831,-0.0052,0.0271,0.0190618740507582,0.006578260869565214,5.64,0.12767826086956524
1999-12-31,0.0853,0.009,0.1534,0.0096,0.0309,0.019,0.0466,0.0047,0.0097,0.0924,0.1301,0.0235,0.0251,0.0578439207724041,0.007133333333333325,13.22,0.13172857142857142
2000-01-31,-0.001,0.0259,-0.0152,0.0142,0.0051,0.0042,0.0065,0.0015,0.0054,-0.0242,0.0052,0.0001,0.0195,-0.050903522205206594,0.004861904761904762,1.92,0.13013809523809525
2000-02-29,0.0649,0.0337,0.0604,0.0079,0.023,0.0049,0.0438,0.0352,0.0057,0.0443,0.1114,-0.021,0.0189,-0.0201081422199274,0.004704347826086974,18.2,0.13297391304347828
2000-03-31,-0.0212,0.0346,0.031,0.0224,0.006,0.0015,0.0118,0.0005,-0.0015,-0.0245,-0.0398,-0.0131,0.0215,0.0967198957860686,0.004075000000000009,-6.83,0.13215
2000-04-30,-0.0463,0.0357,-0.0776,0.0144,-0.0073,-0.0132,-0.0049,0.0181,0.0093,-0.0535,-0.0746,-0.0228,0.0092,-0.0307958200429738,0.005513043478260857,-8.39,0.13255217391304347
2000-05-31,-0.0117,0.0194,-0.0413,0.0146,0.0002,0.0,-0.0003,0.0068,0.0002,0.0232,-0.0345,0.0058,0.0087,-0.021914997624670498,0.004818181818181819,-8.98,0.1512863636363636
2000-06-30,0.0366,0.0197,0.0553,0.0182,0.0194,0.0202,0.0192,0.0143,0.0093,0.0132,0.0613,-0.0112,0.0213,0.0239335492045613,0.00511904761904762,16.6,0.14471428571428568
2000-07-31,0.0011,0.0146,0.0058,0.0123,0.005,-0.0024,0.0097,0.0158,0.0055,0.0181,-0.0063,-0.0205,-0.0029,-0.0163412622026674,0.0044260869565217464,-0.05,0.15293913043478258
2000-08-31,0.0339,0.0169,0.0432,0.0143,0.0171,0.0177,0.0169,0.0157,0.0067,0.0292,0.049,0.0123,0.0064,0.0606990348259401,0.006531818181818194,5.73,0.15386818181818182
2000-09-30,-0.0041,0.0202,-0.0679,-0.0014,0.0061,-0.0031,0.0129,0.0101,0.0075,-0.0087,-0.0071,-0.0334,0.0064,-0.053482947656950094,0.0054954545454545395,1.97,0.17235
2000-10-31,-0.0109,0.0109,-0.0247,0.0081,-0.0005,-0.0009,-0.0005,0.0035,0.0029,0.0126,-0.0254,0.0076,-0.0182,-0.00494949565265812,0.004268181818181824,-4.48,0.18752272727272723
2000-11-30,-0.0155,-0.0047,-0.0364,0.0028,-0.0077,-0.0106,-0.0068,0.0028,0.007,0.0363,-0.038,0.0668,0.0025,-0.08006856023506369,0.004300000000000012,-2.32,0.21848095238095236
2000-12-31,0.0266,0.0044,0.0232,0.0128,0.0042,0.0014,0.005,0.0139,0.0032,0.0505,0.0342,0.0776,0.0138,0.00405338606030647,0.008172727272727276,6.74,0.21530454545454547
2001-01-31,0.0094,0.0268,0.0435,0.0213,0.0246,0.0289,0.022,0.0191,0.0142,0.0332,-0.0058,-0.0003,0.0164,0.03463659223801,0.009985000000000015,-25.3,0.170205
2001-02-28,-0.0059,0.0212,-0.0289,0.0089,0.0159,0.0192,0.0134,0.0149,0.0053,0.0099,-0.0242,0.0015,0.0024,-0.0922906860125474,0.011373913043478269,12.57,0.17201739130434782
2001-03-31,-0.0034,0.0142,-0.0129,0.0092,0.0012,0.0138,-0.0085,0.0033,0.0024,0.0274,-0.0194,0.0488,0.0009,-0.0642047195832057,0.013859999999999997,8.55,0.20223
2001-04-30,0.0069,0.0122,-0.0052,0.0144,0.0093,0.0099,0.0093,0.005,0.0132,0.0069,0.0077,-0.0549,0.0129,0.0768143545370714,0.018378260869565212,-7.9,0.18359565217391305
2001-05-31,0.0083,0.0069,0.0239,0.0064,0.011,0.0242,0.0028,0.0131,0.0052,0.0214,0.004,0.0083,0.0061,0.0050901989659533,0.019277272727272733,2.21,0.19213636363636366
2001-06-30,0.0058,0.0013,0.0163,0.0029,0.0103,0.0265,0.0011,-0.0043,0.005,0.0103,0.0042,-0.0084,-0.0028,-0.0250035833160802,0.019599999999999992,0.38,0.20157727272727272
2001-07-31,-0.0002,0.0108,-0.0295,0.0022,0.0047,0.01,0.0014,0.0068,0.0091,0.0069,-0.0072,0.0015,0.0058,-0.010772447362832999,0.02058260869565217,5.58,0.19376086956521738
2001-08-31,0.0092,0.015,-0.0108,0.0101,0.0155,0.0125,0.0181,0.0101,0.0064,0.01,0.0045,0.0252,0.0093,-0.0641018633950611,0.024638888888888898,5.53,0.21611111111111111
2001-09-30,-0.0083,0.0074,-0.0438,-0.0005,-0.0154,-0.0079,-0.0188,-0.0265,0.0018,0.0117,-0.0157,0.0365,-0.0049,-0.0817297891058999,0.025991304347826087,11.48,0.23001739130434784
2001-10-31,0.0044,0.0111,0.0219,0.0072,0.0135,0.0235,0.009,-0.0001,0.0155,0.0118,-0.008,0.034,0.0065,0.018099025880454,0.025922727272727264,-8.47,0.21331363636363634
2001-11-30,0.0054,0.0071,0.0396,0.0082,0.0085,0.0076,0.0091,0.0081,-0.0027,-0.0037,0.011,-0.0862,0.0038,0.0751759799203608,0.027175000000000005,-8.69,0.21902000000000005
2001-12-31,0.0119,0.0032,0.0482,-0.0008,0.0107,0.0162,0.0078,0.0067,0.0023,0.0247,0.0124,0.0215,-0.0024,0.007573829479134539,0.02811363636363636,0.07,0.21798636363636362
2002-01-31,0.0054,0.0112,0.0276,0.0012,0.0118,0.0158,0.0108,0.0029,0.0103,0.0264,-0.006,-0.0127,-0.0003,-0.0155698209184028,0.024325,3.75,0.20812999999999998
2002-02-28,-0.0056,-0.0315,0.0289,0.0003,-0.0034,-0.0063,-0.0004,-0.0122,0.0087,0.0052,-0.0099,-0.024,-0.0027,-0.0207672132992556,0.022866666666666674,6.82,0.1971285714285714
2002-03-31,0.0074,-0.0002,0.0395,0.008,0.0119,0.0123,0.0118,0.01,0.0063,-0.0019,0.0091,-0.0091,0.007,0.0367325139008183,0.022095454545454543,-1.64,0.18372272727272726
2002-04-30,0.0079,0.0121,0.0012,0.0053,0.0074,0.0089,0.0063,0.0088,0.0135,0.017,0.0061,-0.0161,0.008,-0.061411302991625,0.023499999999999993,7.63,0.16006086956521742
2002-05-31,0.0067,0.0023,-0.0073,0.0129,0.0012,0.0019,0.0009,0.0003,0.0144,0.0078,0.008,0.0351,0.0085,-0.00908689935408635,0.025471428571428575,3.16,0.16496666666666668
2002-06-30,-0.0084,-0.0033,-0.0375,0.0052,-0.0293,-0.0379,-0.0262,-0.0117,0.0065,0.0142,-0.0126,0.0863,0.0009,-0.07245900975703129,0.026965217391304357,6.03,0.18317391304347824
2002-07-31,-0.0135,-0.0155,-0.0119,0.0184,-0.031,-0.0427,-0.0239,-0.0273,0.0108,0.0215,-0.0295,0.0612,-0.0095,-0.0789999979086987,0.02678695652173913,3.77,0.20125652173913045
2002-08-31,0.0085,0.006,0.0126,0.0057,0.0027,0.0028,0.0044,-0.0123,0.0123,0.0122,0.0101,0.0336,0.0083,0.00488587885947966,0.02448571428571429,1.9,0.2135857142857143
2002-09-30,0.0008,0.0137,-0.0198,-0.0003,-0.002,-0.0025,-0.0012,-0.0056,-0.0114,0.0076,-0.0047,0.0411,0.0084,-0.110022218096884,0.023747826086956525,9.13,0.21947826086956518
2002-10-31,-0.0004,0.0103,0.0238,0.0041,-0.0018,-0.0072,0.001,0.0052,-0.0227,0.0072,0.0008,-0.0503,0.01,0.0864456092373231,0.02592727272727273,-5.58,0.19694090909090914
2002-11-30,0.0109,0.0192,0.0224,0.0031,0.0257,0.0391,0.0205,0.0021,-0.0053,0.0123,0.0057,-0.0209,0.0176,0.0570708433169639,0.02684285714285714,-16.33,0.17981904761904757
2002-12-31,0.0107,0.0166,-0.0053,0.0082,0.0099,0.0117,0.0093,0.0053,0.0132,0.0085,0.0076,0.055,0.0054,-0.060337216483629996,0.02640454545454546,9.64,0.16274545454545458
2003-01-31,0.0128,0.0302,-0.0045,0.0031,0.0227,0.0312,0.0198,-0.0039,0.0126,0.0203,-0.0007,0.0607,0.0147,-0.0274138172267459,0.027515000000000005,1.55,0.16533
2003-02-28,0.0068,0.0139,0.0102,-0.0006,0.0063,0.0089,0.0063,-0.0071,0.0099,0.0187,-0.0021,0.0643,0.0011,-0.0170032741618877,0.025619047619047614,1.17,0.16384285714285718
2003-03-31,0.0026,0.0095,0.01,0.0079,0.0101,0.0119,0.0105,-0.0027,0.0042,-0.0066,0.0043,-0.061,0.0076,0.00835653370824851,0.026690476190476195,1.48,0.14030476190476188
2003-04-30,0.0196,0.0142,0.0389,0.004,0.0251,0.0327,0.0203,0.0152,0.0125,0.0216,0.0244,0.0139,0.0155,0.0810402941925134,0.025721739130434778,-9.33,0.1248304347826087
2003-05-31,0.0271,0.0176,0.0501,0.0122,0.0235,0.0227,0.0237,0.0256,0.0128,0.0296,0.0368,0.0514,0.0196,0.0508997552665675,0.02608571428571429,-10.7,0.11412380952380953
2003-06-30,0.0083,-0.0062,0.0202,0.0046,0.018,0.0263,0.0128,0.0075,0.0034,0.0163,0.0079,-0.0221,0.011,0.011326535398783,0.029882608695652173,-1.0,0.10691304347826086
2003-07-31,0.0008,-0.0035,0.0056,0.0068,0.0095,0.0114,0.0081,0.0048,-0.0098,-0.0011,0.0027,-0.0275,0.0034,0.0162216371477952,0.031081818181818183,-0.24,0.1012909090909091
2003-08-31,0.0076,-0.0091,0.0298,0.0006,0.0086,0.0102,0.0064,0.0116,0.0021,0.013,0.0104,0.0106,0.0073,0.0178764423908539,0.03083181818181818,-0.62,0.09747272727272727
2003-09-30,0.0152,0.0197,0.0265,0.0106,0.018,0.0221,0.0147,0.0095,0.0116,0.0304,0.0121,-0.016,0.0168,-0.0119510172546539,0.030743478260869567,-0.19,0.0885
2003-10-31,0.0138,0.0167,0.0225,0.0067,0.0153,0.0198,0.011,0.0121,0.0046,0.0009,0.0246,0.0078,0.0121,0.0549708592767983,0.02895714285714285,3.99,0.08697619047619047
2003-11-30,0.0108,0.0125,0.0117,0.0033,0.0121,0.0121,0.0134,0.0042,0.0052,0.0055,0.017,0.0054,0.0088,0.0071285784224523994,0.029259090909090908,1.46,0.08179090909090908
2003-12-31,0.0195,0.007,0.0356,0.0093,0.0149,0.0173,0.0129,0.01,0.008,0.0186,0.024,0.0542,0.0232,0.050757013412813905,0.029550000000000003,-5.57,0.06933636363636363
2004-01-31,0.017,0.0142,0.0253,0.0082,0.0216,0.0242,0.0201,0.0083,0.0123,0.0145,0.02,0.0109,0.016,0.0172777471099878,0.029176190476190474,2.58,0.07429999999999999
2004-02-29,0.014,0.0029,0.0139,0.0079,0.0095,0.0089,0.0105,0.005,0.0087,0.0119,0.0175,0.0689,0.0039,0.012213392092419,0.02860869565217391,-1.14,0.07891739130434783
2004-03-31,0.0028,0.0042,0.0183,-0.0011,0.0045,0.0059,0.0029,0.0073,-0.0049,0.0097,0.002,-0.0086,0.0041,-0.0163594298785939,0.029414285714285712,0.17,0.07344761904761904
2004-04-30,-0.0058,0.0046,-0.0331,-0.0034,0.0051,0.0066,0.0047,-0.0058,0.0134,0.0014,-0.014,-0.0646,0.0032,-0.0167878768774781,0.02914285714285715,-5.38,0.07904285714285712
2004-05-31,-0.0023,-0.0133,-0.0181,0.0021,0.0009,0.0026,-0.0009,0.0044,0.0063,0.0005,-0.0036,-0.0105,-0.0013,0.012081858581304901,0.026818181818181817,1.5,0.07324090909090908
2004-06-30,0.0034,-0.0076,0.0087,0.0084,0.0096,0.0106,0.0093,0.0025,0.0071,0.0048,0.0066,-0.0284,0.0009,0.0179823359520636,0.02589130434782609,2.05,0.07369130434782609
2004-07-31,-0.0031,-0.002,-0.0014,0.0031,0.0,0.0052,-0.0034,-0.0152,0.007,0.0082,-0.0142,-0.0195,-0.0029,-0.0342872364782447,0.025231818181818185,-2.29,0.0773181818181818
2004-08-31,0.0014,0.0028,0.0183,0.0213,0.0045,0.0056,0.0038,0.0018,-0.0041,-0.0075,0.0009,-0.0153,0.0041,0.00228461055649842,0.023468181818181815,-1.59,0.07450909090909093
2004-09-30,0.0101,-0.0007,0.0233,0.0054,0.0127,0.0123,0.0135,0.0063,-0.0078,-0.0049,0.0236,0.0196,0.0057,0.00936991305757417,0.022277272727272722,5.49,0.07381818181818184
2004-10-31,0.0128,-0.0029,0.024,0.0003,0.0124,0.0186,0.0073,0.0092,0.0114,0.0122,0.0144,0.0482,0.0059,0.0140106197554941,0.020163636363636363,-1.38,0.06487272727272728
2004-11-30,0.0265,0.0108,0.0269,0.0026,0.0327,0.0267,0.0388,0.0167,0.0112,0.0242,0.0324,0.0583,0.0211,0.0385995706420221,0.0189,3.16,0.058609090909090916
2004-12-31,0.0161,0.0069,0.0139,0.0086,0.0228,0.0192,0.0262,0.0132,0.0061,0.0072,0.0257,0.0072,0.0125,0.0324511939308123,0.015923809523809528,-2.87,0.06047142857142858
2005-01-31,-0.0034,-0.008,0.0113,0.0035,0.002,0.0055,-0.0007,-0.0009,0.0009,0.0069,-0.0084,-0.0539,0.0001,-0.0252890401754642,0.013944999999999999,3.05,0.05954000000000001
2005-02-28,0.0143,-0.0031,0.0335,0.0102,0.0159,0.0155,0.0168,0.0046,0.0091,0.014,0.0203,0.0008,0.0101,0.0189051071471413,0.013404545454545454,3.37,0.05956818181818182
2005-03-31,-0.0015,-0.0163,-0.0188,0.0043,0.0057,0.0065,0.0054,0.0009,0.0027,0.0051,-0.0114,0.0037,0.0012,-0.0191168977137839,0.012227272727272726,0.41,0.07226818181818181
2005-04-30,-0.0104,-0.0313,0.0028,-0.0022,-0.0064,-0.0006,-0.0112,-0.0054,-0.0063,-0.0025,-0.0155,-0.0345,-0.011,-0.0201115373571371,0.01039090909090909,-0.69,0.0825590909090909
2005-05-31,0.0015,-0.0155,0.0067,-0.0034,0.0055,0.0013,0.0089,0.0032,-0.0124,0.0007,0.0051,0.0362,-0.0093,0.029954077784669103,0.00995909090909091,0.45,0.07418636363636363
2005-06-30,0.0131,0.0096,0.0201,0.0021,0.0129,0.0121,0.0138,0.0079,-0.0052,0.0052,0.0191,0.0422,0.0118,-0.000144523733868862,0.009499999999999995,2.05,0.07217727272727271
2005-07-31,0.0192,0.0171,0.023,0.0033,0.0227,0.0165,0.0285,0.0046,0.01,0.0104,0.0268,0.0078,0.0226,0.0359697869838655,0.00854347826086957,0.06,0.0705
2005-08-31,0.0088,0.0072,0.0229,0.0086,0.0085,0.01,0.0076,0.006,0.0051,0.0071,0.0112,-0.0087,0.0104,-0.0112208160337143,0.008822727272727274,2.08,0.07225000000000001
2005-09-30,0.0163,0.011,0.0412,0.009,0.0107,0.0124,0.01,0.0023,0.0012,0.0243,0.0202,0.0138,0.0161,0.00694934464086749,0.00817142857142858,3.43,0.06936190476190474
2005-10-31,-0.0146,-0.0007,-0.0278,0.0083,-0.0182,-0.001,-0.031,-0.0112,0.0027,-0.0086,-0.0229,-0.0197,-0.0103,-0.017745196699835198,0.007104545454545461,-1.39,0.06952727272727274
2005-11-30,0.0148,-0.0043,0.0243,0.0018,0.0128,0.0163,0.0103,0.0101,-0.0058,0.0108,0.0222,0.0417,0.013,0.0351888917858644,0.006318181818181813,0.35,0.06999090909090908
2005-12-31,0.0161,0.0096,0.0244,0.0144,0.0145,0.0173,0.0127,0.0085,0.0045,0.0158,0.0278,-0.0253,0.0189,-0.000949275582120656,0.006980952380952379,0.77,0.0629904761904762
2006-01-31,0.0323,0.0275,0.0576,0.014,0.0292,0.0252,0.0332,0.0163,0.0142,0.0337,0.0418,0.0271,0.0276,0.025468219400413397,0.006205000000000002,2.53,0.060179999999999984
2006-02-28,0.0034,0.0118,0.0156,0.005,0.0034,0.0021,0.0043,0.0058,0.0006,0.0123,0.0014,-0.0262,0.0069,0.000452704383334445,0.006604347826086959,-1.84,0.05815652173913043
2006-03-31,0.0182,0.0148,0.0137,0.0162,0.015,0.0173,0.0135,0.0097,0.0057,0.0106,0.0245,0.0408,0.0205,0.0110595727545463,0.007545000000000003,1.26,0.05250499999999999
2006-04-30,0.0222,0.0075,0.0382,0.0202,0.0175,0.0152,0.0201,0.003,0.0205,0.0286,0.0234,0.0292,0.0158,0.0121900369925609,0.007743478260869567,0.64,0.04956956521739128
2006-05-31,-0.013,0.0076,-0.0502,0.0082,-0.0009,0.0039,-0.0043,-0.0015,0.0081,-0.006,-0.0284,-0.027,-0.0011,-0.030918458774866903,0.00685454545454546,-3.7,0.05293636363636363
2006-06-30,-0.0011,0.0035,-0.0014,0.0027,0.0075,0.0076,0.0078,0.002,0.0062,0.0044,-0.0101,-0.0204,0.0,9.015110585108839e-05,0.0064523809523809456,1.54,0.05741428571428572
2006-07-31,0.0029,0.0079,0.0199,0.0126,0.0004,-0.0009,0.0011,0.0046,0.0024,0.0136,-0.0005,-0.0243,0.0019,0.005082725668618781,0.006313043478260873,-2.12,0.05866521739130435
2006-08-31,0.0085,0.0101,0.0142,0.0031,0.0105,0.0115,0.0103,0.0035,-0.0002,-0.0077,0.0154,0.0139,0.0058,0.02127276760523,0.00608636363636364,-3.38,0.0587090909090909
2006-09-30,0.0013,0.0115,-0.0045,0.002,0.006,0.005,0.0069,0.0022,-0.0002,0.0002,0.0009,-0.0115,0.0032,0.024565152281548198,0.006131818181818183,-0.96,0.05559999999999999
2006-10-31,0.0177,0.0068,0.0286,0.0039,0.0223,0.0265,0.0208,-0.0016,0.0074,0.0108,0.0219,0.0173,0.0161,0.0315122914525392,0.0054045454545454535,-0.2,0.05234545454545454
2006-11-30,0.0207,0.0106,0.0315,0.0097,0.0209,0.0159,0.0239,0.0301,0.0116,0.0144,0.026,0.0222,0.0226,0.0164678848015873,0.005847619047619053,-1.03,0.0482809523809524
2006-12-31,0.0183,0.0149,0.0284,0.0088,0.0158,0.0168,0.0159,0.0049,0.0072,0.0136,0.0208,0.0405,0.0177,0.012612927399184399,0.005577272727272722,0.79,0.04331818181818179
2007-01-31,0.0133,0.012,0.0008,0.0061,0.0206,0.0171,0.0243,0.002,0.0012,0.0129,0.0115,0.0226,0.017,0.014060772029622599,0.005164999999999996,0.24,0.03949
2007-02-28,0.0074,0.0116,0.0113,0.0047,0.0155,0.0121,0.0181,0.0115,0.0121,0.005,0.0071,-0.0438,0.012,-0.021848812881329,0.00638695652173913,-1.35,0.04217826086956522
2007-03-31,0.0124,0.0068,0.0196,0.0165,0.0127,0.0127,0.0126,0.0129,0.009,0.0121,0.0187,-0.0254,0.0082,0.009983373838425619,0.006914999999999991,2.56,0.040340000000000015
2007-04-30,0.0202,0.0056,0.0224,0.0101,0.0152,0.0157,0.0144,0.0215,0.01,0.0171,0.029,0.0402,0.0169,0.043285992647571006,0.006309090909090903,-0.24,0.037449999999999976
2007-05-31,0.0231,0.0119,0.0172,0.0075,0.0324,0.0208,0.0431,0.0004,0.0024,0.0179,0.0231,0.0513,0.0229,0.032551918812564196,0.007809090909090918,-0.34,0.03731363636363636
2007-06-30,0.0078,0.0028,0.0183,0.0056,0.0073,0.0095,0.0061,0.0,0.0021,0.0122,0.0042,0.0303,0.0037,-0.0178179944195207,0.00809999999999999,0.51,0.04659545454545454
2007-07-31,0.0,-0.0111,0.0255,0.004,0.0097,-0.0024,0.018,0.0043,-0.0196,0.0096,-0.0069,-0.0479,-0.0026,-0.0319778127308597,0.007821739130434782,2.94,0.06022608695652174
2007-08-31,-0.0153,-0.0108,-0.0237,-0.0039,-0.0188,-0.0173,-0.0203,-0.0065,-0.0087,-0.0062,-0.0138,-0.0461,-0.014,0.0128588085219369,0.008452380952380947,0.1,0.0598047619047619
2007-09-30,0.0271,0.0197,0.0477,0.013,0.016,0.0114,0.0182,0.0322,0.0185,0.041,0.0331,0.0513,0.0177,0.0357932381941532,0.008782608695652172,4.63,0.05645217391304348
2007-10-31,0.0316,0.0218,0.0548,0.015,0.0291,0.0141,0.0384,0.0213,0.0115,0.0272,0.0373,0.0406,0.0302,0.014822760055744899,0.011522727272727275,5.02,0.06890454545454547
2007-11-30,-0.0121,-0.0148,-0.0185,0.0056,-0.0168,-0.013,-0.0194,-0.008,-0.0025,-0.0017,-0.0171,-0.0095,-0.0114,-0.0440396925913398,0.011810000000000001,0.99,0.07561999999999999
2007-12-31,0.0047,-0.004,0.0132,0.0048,0.0032,0.0006,0.005,-0.0063,0.0021,0.015,0.0042,0.0032,-0.0031,-0.00863387145820881,0.014868181818181808,6.63,0.09189545454545457
2008-01-31,-0.0148,-0.0053,-0.0267,0.0069,-0.0244,-0.017,-0.0294,-0.001,0.0028,0.0444,-0.0405,0.0413,-0.0181,-0.0611623127700981,0.020114285714285716,-7.75,0.10044285714285717
2008-02-29,0.0161,-0.0129,0.0178,0.0107,0.0085,0.0017,0.0126,0.0126,-0.0066,0.0411,0.0206,0.0661,-0.0027,-0.0347570979071299,0.019129999999999994,6.1,0.10393
2008-03-31,-0.0211,-0.0593,-0.033,0.0001,-0.0172,-0.0104,-0.0221,0.0162,-0.0643,-0.017,-0.0206,-0.0053,-0.0189,-0.00595911915299851,0.01492727272727272,4.27,0.10043636363636366
2008-04-30,0.0057,0.0111,0.0017,0.0031,0.0051,0.0024,0.0068,0.0088,0.0207,-0.0159,0.022,-0.0215,0.0066,0.04754126680695989,0.015799999999999995,-0.31,0.08974782608695653
2008-05-31,0.02,0.015,0.0214,0.011,0.0189,0.015,0.022,-0.0018,0.0126,0.018,0.0291,0.0144,0.012,0.0106743245549809,0.01308095238095238,3.31,0.09679523809523807
2008-06-30,0.0,-0.0036,-0.0159,0.0055,-0.0015,-0.0051,0.0009,-0.0012,-0.0047,0.02,-0.0133,0.0479,0.0005,-0.0859593707893027,0.013156521739130442,12.75,0.10574782608695653
2008-07-31,-0.0261,-0.0214,-0.0284,-0.0006,-0.0253,-0.0259,-0.0253,-0.0039,-0.0037,-0.0264,-0.0343,-0.042,-0.0247,-0.00985960013162468,0.013477272727272727,-5.13,0.11173181818181818
2008-08-31,-0.0147,-0.0066,-0.04,-0.0059,-0.0016,-0.0007,-0.002,-0.0116,-0.007,-0.0137,-0.0211,-0.0248,-0.0126,0.0121882064026686,0.006059090909090917,-4.02,0.12296363636363633
2008-09-30,-0.0655,-0.1226,-0.0893,-0.0141,-0.0575,-0.0518,-0.0617,-0.0349,-0.068,-0.0663,-0.0781,-0.0057,-0.0735,-0.09078886647313579,-0.0016826086956521769,0.28,0.19910869565217387
2008-10-31,-0.063,-0.1259,-0.1363,-0.0183,-0.0509,-0.0566,-0.0477,-0.0306,-0.1404,-0.0513,-0.0713,0.0496,-0.0694,-0.169422344616141,-0.0008142857142857118,7.85,0.26875238095238096
2008-11-30,-0.0415,-0.0188,-0.0187,-0.4045,-0.0321,-0.05,-0.0217,-0.0002,-0.056,0.0154,-0.0141,0.0322,-0.0463,-0.0748556175986097,-0.0020818181818181847,7.17,0.33867727272727277
2008-12-31,-0.0003,-0.0098,0.0022,0.0041,-0.0126,-0.0254,-0.0049,0.016,-0.008,0.0111,0.0106,0.0237,-0.0152,0.00783027696366289,0.004690909090909093,-5.09,0.2529227272727273
2009-01-31,0.0109,0.0572,-0.0014,0.0114,0.0079,-0.0006,0.0133,0.0038,0.0048,0.0233,-0.0017,-0.0056,0.0335,-0.085660499822508,0.0016523809523809607,-2.18,0.27754761904761904
2009-02-28,-0.0088,0.0075,-0.021,-0.0561,-0.0113,-0.012,-0.0112,0.0069,0.0101,0.0021,-0.0134,-0.0016,-0.0009,-0.109930364320612,-0.0063590909090909115,4.41,0.2812818181818182
2009-03-31,0.0065,0.0114,0.0224,0.011,0.0016,0.0012,0.0016,0.0165,0.0174,0.0003,0.0186,-0.0218,0.0038,0.08539694005343129,-0.0003761904761904744,-11.87,0.24951428571428572
2009-04-30,0.0168,0.0452,0.0517,0.0129,0.0148,0.018,0.0127,0.0072,0.0193,0.0019,0.0254,-0.0324,0.0224,0.09392598304675669,0.015409090909090914,-34.3,0.18117727272727274
2009-05-31,0.0406,0.0581,0.0696,0.0363,0.0422,0.0415,0.0431,0.0185,0.0433,0.0147,0.0523,0.0085,0.0428,0.053084613028566,0.01986818181818182,-12.49,0.15604545454545454
2009-06-30,0.0043,0.0405,0.0069,-0.0021,0.0102,0.0144,0.0071,0.0089,0.0183,-0.0085,-0.0004,-0.0232,0.0162,0.000200273111209847,0.02158695652173913,5.48,0.14061304347826084
2009-07-31,0.0254,0.058,0.0383,0.0179,0.0233,0.0225,0.0241,0.0112,0.0365,0.0178,0.0299,-0.0043,0.0299,0.0741319059435525,0.02275714285714285,-5.55,0.12167619047619047
2009-08-31,0.0153,0.0339,0.0106,0.0131,0.0217,0.0212,0.0223,0.0095,0.0238,0.0086,0.0142,0.0092,0.0143,0.0335699159283373,0.024695454545454548,-9.07,0.11709090909090906
2009-09-30,0.0304,0.0323,0.0494,0.0096,0.0289,0.0338,0.0252,0.016,0.0277,0.0277,0.0323,0.0297,0.0286,0.0357172656405635,0.0262695652173913,-4.79,0.10739999999999998
2009-10-31,0.0013,0.0216,0.009,-0.0035,0.0043,0.0071,0.0021,0.0016,0.0194,0.0021,-0.0121,-0.0217,0.0112,-0.019756356488528,0.02999047619047619,2.61,0.10464761904761906
2009-11-30,0.0211,0.008,0.0137,0.0008,0.0216,0.0208,0.0226,0.0103,0.0171,0.0352,0.0192,0.0494,0.0096,0.0573589408958097,0.03031818181818182,0.3,0.09407272727272728
2009-12-31,0.0088,0.0222,0.0197,-0.0087,0.0228,0.0251,0.0213,0.0038,0.0076,-0.0143,0.0169,-0.05,0.0118,0.0177734546514618,0.03128571428571429,3.01,0.08343333333333333
2010-01-31,0.0017,0.0097,-0.0076,0.001,0.0142,0.0202,0.009,0.004,0.0202,0.0107,-0.015,-0.0381,0.0056,-0.0369771475519253,0.033723809523809524,-5.4,0.08986190476190475
2010-02-28,0.0068,0.0047,-0.0045,-0.0135,0.0044,0.0029,0.0057,0.003,0.0007,0.011,0.0132,0.0181,0.0056,0.028517440207932402,0.03321304347826087,3.74,0.08713478260869566
2010-03-31,0.0222,0.0206,0.0389,0.0054,0.0285,0.0264,0.0307,0.0069,0.0144,0.0038,0.0299,0.0425,0.0144,0.0587942171693094,0.03366666666666668,3.76,0.08002857142857142
2010-04-30,0.0124,0.0169,0.0101,0.0043,0.0189,0.0169,0.0209,-0.001,0.0175,0.0165,0.0029,0.0189,0.0096,0.0147577590852618,0.03216190476190477,3.16,0.09076666666666665
2010-05-31,-0.0276,-0.0251,-0.0428,-0.033,-0.0307,-0.025,-0.0353,-0.0152,-0.0079,-0.0063,-0.0413,-0.0403,-0.0219,-0.0819789359911764,0.030781818181818184,-0.25,0.09799545454545455
2010-06-30,-0.0084,0.0001,-0.0003,-0.0099,-0.0158,-0.011,-0.0197,0.001,0.0092,0.0056,-0.0207,0.0042,-0.0081,-0.0538786909260846,0.030886956521739124,-2.76,0.09566086956521738
2010-07-31,0.0159,0.0222,0.0352,0.0167,0.0156,0.011,0.019,0.0161,0.012,0.0065,0.0253,-0.015,0.0166,0.0687751776764999,0.030227272727272728,1.88,0.09847727272727272
2010-08-31,0.0023,0.0135,0.0012,-0.0155,-0.004,-0.0064,-0.0024,0.0031,0.0124,0.0148,-0.0112,0.0487,0.0001,-0.047450092146361394,0.03059545454545454,-0.06,0.09810454545454546
2010-09-30,0.0343,0.0111,0.0477,0.0366,0.032,0.0207,0.0403,0.0231,0.0155,0.0272,0.0509,0.0277,0.0279,0.087555879105905,0.030513636363636368,1.41,0.09030909090909091
2010-10-31,0.0192,0.0198,0.0221,0.0093,0.018,0.0132,0.0217,-0.0062,0.011,0.0162,0.02,0.0429,0.0203,0.036852904108417996,0.03173636363636363,1.58,0.08585000000000001
2010-11-30,-0.0018,0.0004,-0.0038,-0.0251,0.0015,0.0033,0.0004,-0.0144,0.0074,-0.0052,0.0046,-0.0411,0.003,-0.00228585187621799,0.034517391304347826,2.66,0.08209130434782609
2010-12-31,0.029,0.0116,0.015,0.0174,0.0393,0.0273,0.0478,0.0114,0.0061,0.0267,0.0342,0.0542,0.017,0.06529398287686859,0.03466666666666667,-3.03,0.07332380952380951
2011-01-31,0.0069,0.0216,-0.0039,0.0179,0.018,0.019,0.0174,0.0089,0.0168,-0.0077,0.0027,-0.0082,0.0198,0.022649577886998798,0.03534999999999999,-0.29,0.06734499999999999
2011-02-28,0.0138,0.029,-0.0007,0.0052,0.0144,0.0086,0.0188,0.0079,0.0093,0.0128,0.0172,0.026,0.0139,0.0319591099591125,0.03523043478260869,1.99,0.07075217391304346
2011-03-31,0.0012,-0.0061,0.0212,0.0111,-0.0026,-0.001,-0.0037,0.0059,-0.0031,0.0015,0.0028,-0.0276,0.0079,-0.00105293016328567,0.0361047619047619,3.4,0.07143333333333333
2011-04-30,0.018,0.0006,0.0232,0.0337,0.0114,0.0114,0.0113,0.0174,0.0092,0.0246,0.017,0.054,0.0085,0.028499571093763797,0.03586363636363636,0.04,0.07288181818181819
2011-05-31,-0.0096,0.0002,-0.011,-0.0103,-0.0061,0.0001,-0.0098,-0.0105,0.0021,-0.0063,-0.0168,-0.0444,-0.0005,-0.013504480776300001,0.03467272727272727,-0.62,0.08028181818181818
2011-06-30,-0.0136,-0.0086,-0.0065,-0.0029,-0.0216,-0.007,-0.0308,-0.0004,0.0006,-0.0111,-0.0149,-0.0307,-0.0064,-0.018256270299451,0.03527272727272727,1.78,0.08026363636363636
2011-07-31,0.0069,-0.0014,0.0167,-0.0018,-0.0078,-0.0026,-0.0107,-0.0077,0.0055,0.0253,-0.0041,0.0403,0.0061,-0.0214716081610248,0.029599999999999998,0.18,0.10327826086956524
2011-08-31,-0.023,-0.0173,-0.0315,-0.0089,-0.0537,-0.0441,-0.0598,-0.0092,-0.0027,0.0191,-0.0444,0.0025,-0.0193,-0.0567903412415327,0.02695454545454546,-0.28,0.11697727272727274
2011-09-30,-0.032,-0.0177,-0.0747,-0.0222,-0.0506,-0.0328,-0.0615,-0.0163,-0.0019,-0.0007,-0.0522,-0.0078,-0.0237,-0.0717644770779239,0.028180952380952376,-2.42,0.12418095238095238
2011-10-31,0.0173,0.0118,0.037,0.0276,0.0256,0.0199,0.029,0.0191,0.0014,0.0018,0.0445,-0.0506,0.0205,0.107719384124541,0.027309090909090915,-1.43,0.12167727272727275
2011-11-30,-0.0079,-0.006,-0.0269,0.0009,-0.0105,-0.012,-0.0097,-0.0027,0.005,-0.0003,-0.0148,0.0018,-0.0089,-0.005055626161993731,0.025486363636363637,3.84,0.1228
2011-12-31,-0.0022,0.0062,-0.007,-0.0049,-0.0081,-0.0005,-0.0125,-0.0039,0.0038,0.0043,-0.0088,0.0079,0.0014,0.00853655040070133,0.02748095238095238,1.81,0.11464285714285714
2012-01-31,0.0234,0.0236,0.0374,0.0017,0.028,0.024,0.0303,0.0097,0.0117,0.0122,0.0391,0.0115,0.0247,0.0435787082717467,0.028861904761904766,-7.91,0.10308571428571427
2012-02-29,0.0161,0.0188,0.0292,0.0133,0.0158,0.0189,0.0143,0.0092,0.01,0.0079,0.0264,0.0121,0.0172,0.0405918382741312,0.030560869565217395,-0.29,0.09848260869565217
2012-03-31,0.0005,0.0055,-0.007,-0.0015,0.0079,0.0148,0.0045,0.0018,0.0074,-0.0043,0.005,-0.0296,0.0045,0.031328759140921,0.029315,1.3,0.100905
2012-04-30,-0.0004,-0.0023,0.0015,-0.0041,-0.0023,0.0014,-0.0041,-0.0047,0.0069,-0.0025,-0.0046,0.0043,0.0058,-0.0074945725482344905,0.027591304347826084,3.75,0.1031
2012-05-31,-0.0133,-0.0084,-0.0379,-0.0318,-0.0132,-0.0124,-0.0136,-0.0153,0.0024,0.0019,-0.0453,0.0238,-0.0117,-0.0626527198358047,0.025154545454545457,6.49,0.11005454545454547
2012-06-30,-0.004,0.0033,-0.0013,0.0093,-0.0018,-0.0023,-0.0016,0.0053,0.0076,-0.0137,0.0035,-0.0356,0.0048,0.0395547514622391,0.025245454545454547,-1.06,0.1029409090909091
2012-07-31,0.0142,0.0086,0.0096,-0.004,0.0074,0.0095,0.0066,-0.0051,0.0162,0.0214,0.0055,0.0468,0.0128,0.0126014470747219,0.02671739130434783,3.04,0.09913478260869565
2012-08-31,0.0084,0.0044,0.0084,0.0125,0.0118,0.0088,0.0132,0.0052,0.0102,0.0038,0.0151,-0.0155,0.0136,0.0197573258110206,0.02734761904761905,-2.37,0.09358571428571429
2012-09-30,0.0104,0.004,0.0221,0.0056,0.0167,0.0178,0.0162,0.0041,0.0126,0.006,0.0157,-0.0137,0.008,0.0242424453877807,0.02560454545454545,-1.14,0.09245454545454546
2012-10-31,-0.0018,0.0025,0.0035,-0.0042,0.0091,0.0103,0.0088,-0.0077,0.0087,-0.0073,-0.0021,-0.0464,0.0034,-0.019793874212045,0.024740909090909084,0.14,0.09592272727272724
2012-11-30,0.0064,0.0022,0.011,0.0039,0.003,0.0026,0.0031,0.0105,0.0048,0.0072,0.0073,0.0058,0.01,0.00284925429365623,0.025134999999999998,0.49,0.08957000000000001
2012-12-31,0.0148,0.0138,0.0238,0.0086,0.0198,0.0191,0.0201,0.0151,0.0068,0.0127,0.0158,0.0108,0.0137,0.007065766406995519,0.026104545454545457,-2.86,0.07791818181818183
2013-01-31,0.0207,0.0201,0.0345,0.0199,0.0215,0.0169,0.0239,-0.0003,0.0106,0.0088,0.0354,0.0267,0.0207,0.0504302017304953,0.027565,-1.79,0.076235
2013-02-28,0.0024,-0.0007,0.0049,-0.0128,0.0046,0.0104,0.0019,-0.0006,0.0049,0.0029,0.0012,-0.0077,0.0038,0.011058821970282899,0.028285714285714286,1.29,0.07320952380952381
2013-03-31,0.0121,0.0072,0.0055,0.0005,0.0211,0.0218,0.0208,0.0039,0.0061,0.0097,0.0138,0.0174,0.0062,0.0359862593256943,0.027100000000000003,1.92,0.07103636363636362
2013-04-30,0.0139,0.0014,0.0162,0.0101,0.012,0.0134,0.0113,0.0065,0.0034,0.0177,0.0126,0.035,0.0109,0.0180856825531359,0.028882608695652175,0.22,0.06580434782608696
2013-05-31,0.0042,0.013,-0.002,0.004,0.0227,0.0238,0.0223,0.008,0.0001,-0.0005,0.0119,-0.0498,0.0037,0.020766732418909098,0.03048095238095238,-2.02,0.07496190476190477
2013-06-30,-0.0166,-0.0033,-0.0264,0.0057,-0.0131,-0.0086,-0.0153,0.0017,-0.0114,-0.0248,-0.0063,-0.0542,-0.0074,-0.0150019333202477,0.032756521739130434,0.52,0.07031739130434783
2013-07-31,0.0088,-0.0008,-0.0009,0.0202,0.0151,0.0131,0.0161,0.0099,0.0038,0.0026,0.0195,-0.0106,0.0116,0.0494605712796532,0.03462857142857143,1.76,0.0698952380952381
2013-08-31,-0.0054,0.0072,-0.0024,-0.0172,-0.0004,-0.0048,0.0016,0.0001,0.0021,-0.0092,-0.0111,-0.0277,0.0008,-0.031294465537713895,0.035038095238095236,0.02,0.06934761904761903
2013-09-30,0.0127,0.0024,0.0128,0.0091,0.0145,0.0138,0.0149,0.0081,0.0051,0.0084,0.0264,-0.0015,0.0142,0.029746704101057498,0.03404347826086957,3.06,0.07002173913043477
2013-10-31,0.0159,0.0092,0.0201,0.0117,0.0145,0.0153,0.0141,0.0057,0.0061,0.0101,0.0254,0.0296,0.0177,0.044600588960842,0.035754545454545456,0.08,0.06503636363636364
2013-11-30,0.0131,-0.002,0.0108,0.0259,0.0168,0.0155,0.0174,0.001,0.005,0.0103,0.0185,0.0209,0.0086,0.028048279588698,0.03640952380952381,0.44,0.06293809523809522
2013-12-31,0.0119,0.0054,0.0128,0.013,0.0161,0.0194,0.0147,0.0039,0.0018,0.0071,0.018,0.001,0.0163,0.023559382769627598,0.0353,0.02,0.06249090909090907
2014-01-31,-0.0029,0.0209,-0.0227,0.0008,0.0029,0.004,0.0024,0.0049,0.01,-0.0105,-0.0008,-0.0342,0.0081,-0.0355827208806248,0.033839999999999995,1.71,0.06376
2014-02-28,0.0172,0.0014,0.0179,0.0026,0.0275,0.0204,0.0308,0.0093,0.0066,0.0069,0.0288,0.0094,0.0141,0.04311846022364849,0.03324285714285715,2.07,0.0621
2014-03-31,-0.0048,0.0022,-0.0151,-0.0059,-0.0014,0.006,-0.0048,-0.0068,0.0041,-0.0024,-0.0119,-0.0182,-0.0026,0.006929904852569941,0.03249523809523809,-3.29,0.06148095238095237
2014-04-30,-0.0021,0.0033,-0.0058,-0.007,0.0003,0.0037,-0.0014,0.0055,0.0044,0.0001,-0.0103,0.0042,-0.0043,0.00620345722937032,0.031495652173913036,-3.89,0.06246956521739129
2014-05-31,0.0113,-0.0052,0.0135,-0.0027,0.0107,0.0145,0.009,0.0056,0.0045,0.0102,0.0151,0.0309,0.0089,0.0210316237133589,0.031138095238095236,0.87,0.05536666666666666
2014-06-30,0.0096,0.0005,0.0114,0.007,0.0166,0.0141,0.0177,0.0127,0.004,0.0053,0.0101,0.0154,0.0045,0.0190575487244362,0.030308695652173912,0.69,0.05725652173913044
2014-07-31,-0.0031,0.0006,0.0045,-0.007,-0.0059,-0.0019,-0.0077,-0.014,0.003,-0.0001,-0.0097,-0.0103,0.0013,-0.0150785116621617,0.029122727272727276,-0.12,0.06338636363636364
2014-08-31,0.0088,-0.0028,0.0031,-0.0002,0.0012,-0.0048,0.0038,0.0022,0.0018,0.0113,0.0129,0.0502,0.0083,0.0376520477162212,0.02917727272727273,0.82,0.06635454545454546
2014-09-30,-0.0001,-0.0069,0.0014,-0.0028,-0.0137,-0.007,-0.0165,-0.0149,0.0042,0.0054,-0.0018,0.0172,0.0098,-0.0155151500505197,0.027847826086956518,0.5,0.07269565217391304
2014-10-31,-0.008,-0.0179,-0.0112,0.0045,-0.0216,-0.0196,-0.0224,-0.0235,-0.001,-0.0092,0.0001,0.0181,-0.0049,0.023206258162650602,0.02746190476190477,-0.06,0.07503809523809524
2014-11-30,0.015,-0.001,0.0171,0.0057,0.0055,0.0014,0.0073,0.0057,0.0021,0.0165,0.0189,0.075,0.0122,0.0245323112680073,0.025763636363636357,0.69,0.08719999999999999
2014-12-31,0.0001,-0.0115,0.0019,-0.0069,-0.0055,-0.0049,-0.0057,0.0008,-0.0007,-0.0025,0.0035,0.0167,0.0041,-0.00418834621821995,0.023557142857142853,1.12,0.09100476190476191
2015-01-31,0.0081,-0.0021,0.0066,-0.0037,-0.01,-0.0105,-0.0099,-0.0085,-0.0081,0.0269,0.0028,0.0602,0.0119,-0.0310417664569867,0.023723809523809525,3.84,0.08104761904761905
2015-02-28,0.0106,0.0095,-0.0004,-0.019,0.0225,0.0123,0.0267,0.015,0.0074,0.0042,0.0199,-0.0115,0.0072,0.054893916586230704,0.024859090909090907,-2.82,0.07802272727272726
2015-03-31,0.006,-0.0027,0.0074,-0.0021,0.0036,0.0009,0.0048,0.0004,-0.0008,0.013,-0.0042,0.024,0.0105,-0.017398884310388,0.024861904761904762,2.74,0.07932857142857144
2015-04-30,0.0002,0.0273,0.0336,-0.0044,0.0085,0.0057,0.0096,0.0081,0.0063,-0.0075,-0.0002,-0.0429,0.0001,0.00852387508934704,0.026619047619047622,-7.27,0.07914761904761904
2015-05-31,0.0083,0.0052,0.0037,0.01,0.0085,0.0031,0.0104,0.0106,0.0048,0.0071,0.0215,-0.0084,0.0065,0.0104894662391399,0.02704545454545455,5.82,0.08263181818181817
2015-06-30,-0.0131,-0.0075,-0.0225,0.0155,-0.0124,-0.0122,-0.0125,-0.0017,-0.0021,-0.0176,-0.0046,-0.0581,-0.0042,-0.0210107075531855,0.027378260869565216,3.01,0.09277826086956523
2015-07-31,0.0087,-0.0104,-0.0201,0.0056,0.0018,-0.0074,0.0053,-0.0076,0.003,0.0126,0.0152,0.0433,0.01,0.019738887770081398,0.025904761904761906,9.98,0.10421428571428572
2015-08-31,-0.0199,-0.0024,-0.0286,0.0095,-0.0281,-0.0144,-0.0332,-0.0067,-0.0004,-0.0263,-0.0191,-0.0276,-0.0049,-0.06257651078964681,0.026259090909090906,-2.09,0.10375909090909091
2015-09-30,-0.0141,-0.0025,-0.008,0.0062,-0.0344,-0.0137,-0.0422,-0.0131,-0.0045,-0.0157,-0.0112,0.0287,-0.0043,-0.026446882672693302,0.025473913043478263,5.22,0.11336521739130435
2015-10-31,0.0053,0.0094,0.0275,-0.0059,0.0014,-0.003,0.0031,-0.0001,-0.002,0.0129,0.0172,-0.0248,0.0007,0.0829849387714976,0.025361904761904763,-3.28,0.11912857142857142
2015-11-30,0.002,-0.0073,0.0015,-0.0103,-0.0117,-0.0075,-0.0133,-0.0049,0.0008,0.0141,-0.0012,0.0373,0.0023,0.000503516097658751,0.024304545454545454,2.28,0.14811818181818182
2015-12-31,-0.0085,-0.0078,-0.0012,0.016,-0.013,-0.0071,-0.0154,0.0131,0.0015,-0.0205,-0.0001,-0.0219,0.0021,-0.0175302087340599,0.02457619047619047,3.36,0.16337142857142856
2016-01-31,-0.0141,-0.0197,-0.0345,-0.0117,-0.0304,-0.0136,-0.0372,0.0059,-0.0076,-0.0057,-0.0278,0.0402,-0.0048,-0.0507340450366362,0.023271428571428568,1.44,0.1821571428571429
2016-02-29,-0.0108,-0.0009,-0.0087,-0.0073,-0.0181,-0.0116,-0.0209,0.0021,-0.0105,-0.0155,-0.0176,0.0323,-0.0084,-0.00413004801053751,0.024286363636363634,-4.38,0.16729999999999995
2016-03-31,0.0029,0.017,0.0319,0.0156,0.003,0.0057,0.0017,0.0131,0.0059,-0.0013,0.0067,-0.0283,0.0074,0.0659937066108857,0.024299999999999995,-5.01,0.15510454545454547
2016-04-30,0.0034,0.0148,0.0121,-0.0087,0.0167,0.0162,0.0172,-0.0023,0.0142,0.0025,-0.007,-0.0304,0.004,0.00269700118981286,0.024450000000000003,-6.02,0.13869090909090906
2016-05-31,0.0036,0.0058,-0.0021,0.0021,0.0101,0.008,0.0111,0.0048,0.0012,-0.0023,0.0138,-0.032,0.0094,0.0153333417824539,0.02342727272727273,1.42,0.1265363636363636
2016-06-30,-0.001,0.0056,0.0077,-0.0253,-0.0055,-0.0048,-0.0059,0.0033,-0.005,0.0069,-0.0187,0.0419,-0.001,0.0009017948134477639,0.022418181818181816,4.13,0.12140909090909091
2016-07-31,0.0115,0.0148,0.0179,0.0086,0.0152,0.0107,0.0172,0.0056,0.0108,0.0029,0.013,0.0161,0.0107,0.0356140015941877,0.021517391304347825,-3.34,0.11622173913043479
2016-08-31,0.0047,0.0126,0.018,0.001,0.0133,0.0099,0.0147,0.0107,0.0076,0.0018,0.0044,-0.0309,0.0087,-0.00122234885800986,0.020963636363636365,-3.49,0.11004090909090909
2016-09-30,0.0012,0.0104,0.0057,0.0062,0.0009,0.0067,-0.0015,0.0066,0.0075,0.0011,0.0013,-0.0172,0.0059,-0.0012321204097972501,0.02066666666666667,0.19,0.10092380952380954
2016-10-31,-0.0018,0.0007,0.0039,-0.0027,-0.0008,0.0113,-0.0056,-0.0058,0.0042,0.0151,-0.0093,-0.0417,0.001,-0.0194250494708417,0.0226,0.59,0.10366363636363635
2016-11-30,0.0036,-0.0004,-0.0048,-0.0189,0.011,0.0107,0.0113,0.0075,0.005,0.0193,-0.0013,-0.0174,-0.0052,0.0341730542946547,0.022763636363636368,-4.62,0.08828636363636364
2016-12-31,0.0096,0.0039,-0.0017,-0.005,0.0123,0.0134,0.012,0.006,0.0091,0.0108,0.0086,0.002,0.0158,0.0181990369547986,0.022700000000000005,-0.26,0.07917142857142856
2017-01-31,0.007,0.0131,0.0214,0.0201,0.0135,0.0124,0.0142,-0.0002,0.0096,-0.0028,0.0112,-0.0145,0.008,0.0178844611927937,0.023245,-0.93,0.07147
2017-02-28,0.0097,0.0113,0.0101,-0.0112,0.0107,0.0093,0.0113,0.0098,0.0072,0.0033,0.0136,0.0239,0.0093,0.0371988846141699,0.02282608695652174,-1.65,0.0707695652173913
2017-03-31,0.0039,-0.0021,0.0107,0.0125,0.0022,0.0005,0.0031,0.0024,0.0062,0.0019,0.0094,-0.0191,0.01,-0.000389220623003061,0.021050000000000006,-1.02,0.073105
2017-04-30,0.0043,0.0029,0.0109,0.0017,0.0058,0.0102,0.0035,0.0106,0.0037,-0.0059,0.0148,-0.0054,0.0083,0.00909007990504218,0.020686956521739124,0.48,0.07067391304347825
2017-05-31,0.0082,0.0009,0.0082,-0.0028,0.0096,0.0056,0.0116,0.0112,0.0088,-0.0049,0.0175,0.0043,0.015,0.011576989486520499,0.019404545454545452,1.48,0.07246363636363636
2017-06-30,-0.0049,-0.0017,0.0073,0.0048,-0.0045,0.0006,-0.0074,0.0052,0.0036,-0.007,-0.0019,-0.0329,-0.0005,0.0048144869756812,0.02037142857142858,-0.09,0.07501904761904761
2017-07-31,0.0137,0.0122,0.0211,0.0347,0.0124,0.0068,0.015,0.017,0.0087,0.0134,0.019,0.0129,0.0077,0.019349245754666,0.01996521739130435,1.68,0.07655217391304348
2017-08-31,0.0059,-0.0028,0.0174,0.0097,-0.0071,0.0018,-0.0113,-0.0052,0.0055,0.0036,0.0083,0.0277,0.0074,0.000546566274547188,0.01948181818181818,3.26,0.07608636363636363
2017-09-30,-0.0015,0.0066,0.0163,-0.0008,0.0038,0.0069,0.0024,0.0049,-0.0119,0.0012,0.0024,-0.0266,-0.0013,0.0193026763296675,0.019145454545454545,-1.32,0.07465454545454547
2017-10-31,0.0128,0.0041,0.0181,-0.0059,0.0024,0.0053,0.0011,0.0002,0.0082,0.0079,0.0205,0.0499,0.0061,0.0221898283002104,0.01722272727272727,4.27,0.07858181818181817
2017-11-30,0.001,-0.0053,0.0048,-0.0044,-0.0027,-0.0038,-0.002,-0.0051,0.0048,0.0008,0.0036,-0.0009,0.0012,0.028081044037431,0.015638095238095236,-0.87,0.07724285714285714
2017-12-31,0.0091,0.0099,0.0108,0.024,0.0154,0.0152,0.0161,0.0059,0.0091,0.0099,0.0083,0.0164,-0.0048,0.00983184507423562,0.015049999999999997,-1.54,0.07077272727272725
2018-01-31,0.0271,0.0182,0.0357,0.0206,0.0161,0.0138,0.0173,0.011,0.0087,0.0313,0.0311,0.0466,0.0289,0.056178494549969,0.015334999999999998,4.05,0.07278
2018-02-28,-0.0212,-0.0093,-0.0135,-0.0163,-0.0131,-0.0058,-0.016,-0.0132,0.0039,-0.0199,-0.0193,-0.075,-0.0215,-0.0389471675046767,0.013509090909090908,3.58,0.07201818181818181
2018-03-31,-0.0006,-0.0003,-0.0095,0.0033,-0.0053,-0.0043,-0.0057,-0.0035,0.0048,-0.005,-0.0012,-0.0027,0.0098,-0.026886184436863098,0.013442857142857142,-1.13,0.06704285714285713
2018-04-30,0.0005,0.0018,-0.0065,0.0055,0.004,0.0005,0.0057,-0.0039,0.0036,0.0012,0.0027,-0.006,-0.003,0.00272008288407477,0.014404347826086954,0.36,0.06328260869565216
2018-05-31,0.0028,-0.0056,0.0017,-0.0107,0.0052,-0.0017,0.008,0.0028,-0.0079,0.0154,0.0038,-0.011,0.0036,0.021610392796587597,0.013818181818181813,3.89,0.06129545454545454
2018-06-30,-0.0023,-0.0038,-0.0387,-0.0011,0.0065,0.0063,0.0064,0.0092,0.0017,-0.0038,-0.0099,0.0143,0.0008,0.00484191610834816,0.013413636363636364,-2.35,0.06462272727272726
2018-07-31,0.0036,0.0041,0.0015,0.0,0.0062,0.0091,0.0056,-0.0037,0.0042,0.0019,0.0143,-0.0113,-0.0034,0.0360197623059455,0.013330434782608702,-1.41,0.06292173913043476
2018-08-31,0.0012,-0.0036,-0.0291,0.0014,0.0017,0.0003,0.002,0.0071,0.003,-0.0073,0.0005,0.025,0.007,0.0302628945799421,0.013276190476190476,5.29,0.06088571428571429
2018-09-30,0.001,0.0087,-0.0136,-0.0037,0.0023,-0.0015,0.0038,0.0048,0.0021,0.0035,0.0006,-0.0071,0.0061,0.00429446387458143,0.01383913043478261,0.04,0.06373478260869564
2018-10-31,-0.0257,-0.0138,-0.0255,-0.0209,-0.0272,-0.0091,-0.0355,-0.0149,-0.0024,-0.0138,-0.0448,-0.0348,-0.019,-0.0694012521964936,0.013922727272727274,-1.99,0.0772090909090909
2018-11-30,-0.0059,-0.0012,0.0059,-0.043,-0.0041,-0.0033,-0.005,0.006,-0.0058,-0.0066,0.0017,-0.0099,-0.0133,0.0178592968842066,0.013400000000000002,-1.37,0.09168499999999999
2018-12-31,-0.0119,-0.0174,-0.013,0.0154,-0.0314,-0.0198,-0.0382,0.0005,-0.0048,0.003,-0.0246,0.008,-0.0055,-0.09177937709315889,0.01410454545454546,2.11,0.0892590909090909
2019-01-31,0.0177,0.0287,0.0373,0.0141,0.0252,0.0121,0.0315,0.0143,0.0109,0.0106,0.0353,-0.0184,0.0097,0.0786858482807935,0.013789999999999997,-8.68,0.0844
2019-02-28,0.0108,0.0059,0.0385,0.0022,0.0162,0.01,0.0197,0.0024,0.0075,0.0001,0.0145,0.0055,0.008,0.029729211783817,0.01345,0.86,0.08440454545454545
2019-03-31,0.0109,0.003,0.0045,0.009,0.0075,-0.0007,0.0113,0.0023,0.0034,0.0153,0.003,0.0457,0.0122,0.0179237263211957,0.012871428571428572,2.21,0.07939523809523809
2019-04-30,0.0136,0.0111,0.0021,-0.024,0.0189,0.0216,0.0186,0.0048,0.0035,0.014,0.0184,0.0268,0.0104,0.0393138139866811,0.012460869565217393,-2.97,0.07930434782608695
2019-05-31,-0.01,-0.0035,-0.0237,0.0169,-0.0112,-0.0158,-0.0097,-0.0039,0.0019,-0.0087,-0.0236,-0.0061,-0.0004,-0.065777027995352,0.012528571428571434,7.56,0.08615714285714285
2019-06-30,0.02,0.0049,0.0365,0.005,0.0162,0.0096,0.0197,0.0061,0.0067,0.0401,0.0182,0.0262,0.0109,0.0689292938332364,0.01169130434782609,-2.3,0.09091739130434782
2019-07-31,0.0072,-0.0023,0.0172,-0.0021,-0.002,-0.0147,0.0031,-0.0007,0.0013,0.0096,0.0073,0.0353,0.0028,0.013127586423792501,0.01096956521739131,2.89,0.09689565217391304
2019-08-31,-0.0014,-0.0029,-0.0498,-0.0046,-0.0124,-0.0164,-0.0115,-0.003,-0.004,0.0033,-0.005,0.042,0.0071,-0.0180919032406308,0.011338095238095234,6.92,0.09367142857142856
2019-09-30,-0.0032,0.0012,-0.0079,-0.0107,-0.0005,-0.0039,0.0004,0.006,0.0055,0.0082,-0.0012,-0.0404,-0.0031,0.0171808858783675,0.012873913043478256,-6.81,0.09863478260869563
2019-10-31,0.0034,0.0013,0.033,0.0013,-0.0018,0.0029,-0.0045,0.0085,0.0064,-0.0057,0.0136,-0.03,0.0062,0.0204341727074846,0.012980952380952381,0.15,0.10195714285714284
2019-11-30,0.0047,0.0104,0.0004,-0.0057,0.0059,-0.002,0.0097,0.0005,0.005,-0.0018,0.0131,0.0021,0.0008,0.0340457608872843,0.012466666666666671,-2.66,0.09672380952380952
2019-12-31,0.0161,0.0214,0.0427,0.0151,0.0181,0.0118,0.0214,0.0106,0.0114,0.0151,0.0231,0.0022,0.0057,0.0285902184801358,0.012377272727272726,-1.77,0.09095
2020-01-31,0.0016,0.0013,0.003,-0.0116,0.001,0.006,-0.0012,0.0023,0.0063,0.0,-0.0079,0.0125,0.0105,-0.00162983256304027,0.012104761904761903,5.98,0.09353809523809525
2020-02-29,-0.0199,0.0107,-0.0056,-0.0106,-0.0284,-0.0136,-0.0366,-0.0071,0.0017,-0.0204,-0.033,-0.0147,-0.0156,-0.0841082808078488,0.009759090909090912,-0.4,0.1401272727272727
2020-03-31,-0.0728,-0.0643,-0.1027,-0.0312,-0.1347,-0.1009,-0.1559,-0.0635,-0.0651,-0.0619,-0.0741,0.0027,-0.0598,-0.12512015470937998,0.013061904761904764,7.97,0.15805238095238094
2020-04-30,0.0243,0.0192,0.0404,0.0164,0.0434,0.0282,0.0512,0.0361,-0.0191,0.0287,0.0432,-0.0088,0.0158,0.126843974608468,0.015904545454545452,-5.23,0.15831363636363638
2020-05-31,0.0249,0.0181,0.0233,-0.0019,0.0285,0.0082,0.0392,0.0138,0.02,0.0217,0.0408,-0.0058,0.0209,0.0452799231062939,0.016359090909090906,0.43,0.12603636363636364
2020-06-30,0.0116,0.0201,0.0634,0.0189,0.0235,0.0192,0.0253,0.0236,0.0267,-0.0046,0.0111,-0.0145,0.0023,0.0183884239397724,0.016452173913043475,-0.73,0.12095652173913045
2020-07-31,0.0264,0.0372,0.044,0.0434,0.0174,-0.0024,0.0232,0.0232,0.018,0.0433,0.016,0.0283,0.03,0.0551045289429832,0.017204761904761907,7.61,0.10899523809523808
2020-08-31,0.0172,0.0138,0.0146,-0.0007,0.0321,0.0185,0.0387,0.0077,0.0119,0.0189,0.0267,-0.0154,0.0092,0.0700626385152238,0.017554545454545455,0.55,0.10335454545454545
2020-09-30,-0.0093,0.004,-0.0094,-0.0112,-0.002,-0.0069,-0.0015,0.0089,0.0059,-0.0163,-0.015,-0.0219,-0.0052,-0.0392278371582998,0.017726086956521742,3.12,0.09761739130434784
2020-10-31,-0.0047,0.0049,-0.0189,-0.0047,-0.0032,-0.0019,-0.004,0.0014,0.0078,-0.0108,-0.0063,-0.0015,-0.002,-0.027665753706912103,0.017714285714285714,-3.05,0.08666190476190477
2020-11-30,0.0299,0.0283,0.042,-0.0057,0.0675,0.069,0.0689,0.0478,0.0111,0.0253,0.04,0.0073,0.0102,0.107547016800892,0.017654545454545454,-12.43,0.07253636363636362
2020-12-31,0.0378,0.0083,0.0326,0.0178,0.0376,0.0232,0.0401,0.0605,0.0138,0.0448,0.0415,0.0527,0.0419,0.0371208298231231,0.01868095238095238,-2.32,0.06352380952380951
2021-01-31,-0.0022,0.0134,0.0386,-0.0008,0.014,0.0027,0.0142,0.0437,0.0134,0.0032,-0.028,-0.012,-0.0049,-0.0111363107774339,0.020409523809523808,4.5,0.05533809523809523
2021-02-28,0.0233,0.0212,0.0104,0.0145,0.0315,0.0355,0.0324,0.0132,0.0036,0.0091,0.0455,0.0312,0.0146,0.0260906644814498,0.023286956521739132,-7.89,0.054043478260869554
2021-03-31,0.0073,-0.0081,-0.0219,-0.0046,0.0164,0.0229,0.0199,-0.0359,0.0041,0.015,0.0074,0.0036,0.0111,0.0424392819644567,0.02303333333333333,-6.14,0.05170952380952381
2021-04-30,0.0259,0.0071,0.0308,0.0239,0.0192,0.0171,0.019,0.0261,0.0124,0.0355,0.031,0.0269,0.0223,0.0524259597500724,0.023580952380952383,1.16,0.05178571428571428
2021-05-31,0.011,0.0069,0.0073,0.0072,0.011,0.015,0.0104,0.0051,0.005,0.0264,0.0042,0.0176,0.0099,0.00548545583153159,0.02197727272727273,0.88,0.04924545454545456
2021-06-30,-0.0067,0.0014,0.012,-0.0104,0.0057,0.0071,0.0059,0.0003,-0.0007,-0.0277,-0.0065,-0.0056,-0.0089,0.0222130425006987,0.02007826086956522,2.2,0.04952608695652175
2021-07-31,0.0029,-0.0087,-0.0447,0.0154,-0.0053,-0.0087,-0.0042,-0.0054,0.0056,0.001,0.0144,0.0086,0.0105,0.022749835231048898,0.019931818181818182,-2.28,0.05482272727272727
2021-08-31,0.0092,0.0081,0.0186,-0.0005,0.0234,0.0053,0.0307,0.01,0.0026,0.0086,0.0088,0.0004,0.0031,0.028989418612475202,0.020218181818181816,2.45,0.054299999999999994
2021-09-30,-0.0002,0.0034,-0.0024,-0.0035,0.0061,0.0115,0.0068,-0.0131,-0.0001,0.0158,-0.0154,0.0094,-0.0001,-0.0475694417683175,0.020481818181818177,1.49,0.055863636363636365
2021-10-31,0.0128,0.0136,0.0164,0.0048,0.017,0.0113,0.0197,0.0089,-0.0031,0.0036,0.022,0.0387,0.0035,0.0691434052295609,0.018809090909090907,3.19,0.058018181818181816
2021-11-30,-0.0221,-0.0022,-0.0119,-0.0047,-0.0184,-0.0083,-0.0237,0.0011,-0.0046,-0.0311,-0.0298,-0.0395,-0.0141,-0.00833268527201702,0.01668181818181818,0.88,0.05926363636363638
2021-12-31,0.0192,0.0058,0.0007,0.0192,0.0026,0.0076,0.0015,0.0001,0.0131,0.0349,0.0299,0.0021,0.0213,0.0436131844231595,0.01734761904761905,-2.6,0.05982857142857142
2022-01-31,-0.0066,-0.0095,-0.0193,-0.0082,-0.0203,-0.0098,-0.0251,-0.0088,-0.0006,0.0344,-0.0243,0.0143,-0.012,-0.0525861879944518,0.015469999999999998,-2.6,0.064625
2022-02-28,0.0037,-0.0035,-0.0271,0.0051,-0.0042,0.0033,-0.0072,-0.0004,-0.0059,0.0326,-0.0144,0.021,0.0203,-0.0313601899557314,0.011421739130434781,1.76,0.06940434782608695
2022-03-31,0.0243,-0.0118,-0.0275,0.0024,0.0025,0.004,0.0023,0.0031,-0.0031,0.0879,0.0051,0.0849,0.0228,0.035774229488720596,0.012828571428571432,3.01,0.07022380952380951
2022-04-30,0.0039,0.0048,-0.0117,-0.0091,-0.008,0.0014,-0.0095,-0.0125,-0.0054,0.0306,-0.0184,0.0443,0.0127,-0.0879582063658659,0.013972727272727269,4.87,0.09019090909090913
2022-05-31,-0.0063,-0.0239,0.0044,0.0116,-0.0131,-0.0133,-0.0109,-0.0311,0.0034,0.0156,-0.0046,-0.0006,-0.0388,5.35758777635564e-05,0.011695454545454544,2.43,0.09892272727272727
2022-06-30,-0.0206,-0.006,0.023,-0.0108,-0.0358,-0.0241,-0.041,-0.0192,-0.0186,-0.0315,-0.0277,0.0114,-0.0179,-0.08391832875495851,0.009477272727272723,0.75,0.10876363636363634
2022-07-31,0.0053,0.0038,-0.0082,-0.0169,0.0108,-0.0064,0.0162,0.0076,0.0073,0.0135,0.0124,-0.0245,0.0021,0.0911138343724151,0.007882608695652167,-3.95,0.09485652173913045
2022-08-31,0.0051,0.0128,-0.0086,0.0147,0.0071,0.0168,0.0047,0.0122,-0.0002,0.0208,-0.0132,0.0307,0.0082,-0.042439381289906805,0.008327272727272725,2.04,0.11276363636363637
2022-09-30,-0.0068,-0.0045,-0.0234,-0.0101,-0.0251,-0.0051,-0.031,-0.0182,-0.0077,0.0199,-0.0274,0.0346,-0.0041,-0.0933944350891371,0.0066142857142857045,3.51,0.11659999999999998
2022-10-31,0.0055,-0.0029,-0.0172,0.0042,0.0086,-0.0069,0.0113,0.0189,0.0042,-0.0095,0.0167,0.0028,0.0142,0.0798614438096445,0.0036954545454545504,3.96,0.11394999999999997
2022-11-30,0.0026,-0.0025,0.0419,0.0165,0.0093,-0.0049,0.0107,0.0165,0.0034,-0.0485,0.0368,-0.0465,0.0114,0.0537527260261996,0.0025181818181818152,-1.98,0.10716818181818182
2022-12-31,0.001,0.0102,0.0151,0.0186,-0.0006,-0.0001,-0.0022,0.0109,0.0138,-0.0108,0.0019,0.01,-0.0046,-0.058971490676859195,0.0016238095238095274,4.55,0.10067142857142855
2023-01-31,0.0185,0.0025,0.0376,0.0081,0.022,0.0142,0.025,0.0139,0.0138,0.0273,0.0329,-0.0262,0.0055,0.061754771067837604,0.0012199999999999989,-16.01,0.09578500000000001
2023-02-28,-0.0094,0.0014,-0.02,-0.0044,-0.0036,0.0012,-0.0049,-0.0028,0.0061,-0.0482,-0.0087,0.0182,0.0028,-0.026112514640123798,0.0005304347826086964,0.15,0.10401739130434783
2023-03-31,-0.0072,0.0001,0.02,0.01,-0.0051,-0.0085,-0.0047,-0.0011,-0.0026,-0.0523,0.016,-0.0611,0.0035,0.0350512906240898,0.0007699999999999999,-2.47,0.10479000000000001
2023-04-30,0.0031,-0.0036,-0.0063,0.008,0.0068,0.0058,0.0082,-0.0008,0.0025,0.0003,0.0041,0.021,-0.0017,0.014642098118692099,0.0011130434782608625,1.62,0.1017782608695652
2023-05-31,-0.0018,0.0063,0.0,-0.0136,0.0006,0.0065,0.0005,-0.0096,0.0031,-0.0227,0.0001,0.0173,0.0003,0.00248089871075873,-0.0011590909090909152,-0.63,0.09478636363636364
2023-06-30,0.0157,0.0063,0.0036,0.0223,0.0209,0.0215,0.0203,0.024,0.0078,0.0351,0.0157,0.0125,0.0068,0.0647289827345887,-0.0013761904761904753,-2.37,0.08893333333333332
2023-07-31,0.013,0.0071,-0.0113,0.0024,0.0129,0.0056,0.0142,0.0175,0.0122,-0.0026,0.0129,-0.007,0.0425,0.031138865858733,0.00011304347826086858,-3.98,0.08658260869565217
2023-08-31,0.0017,0.0039,-0.011,-0.0039,0.0007,-0.0051,0.0022,0.0007,0.0044,-0.0101,-0.0004,-0.0026,0.018,-0.017716285687521,0.0003499999999999892,3.77,0.08553636363636363
2023-09-30,0.0033,-0.0078,-0.0057,0.0067,0.001,0.0031,-0.0001,0.0052,-0.001,0.0144,-0.0088,0.0377,0.0063,-0.048718754745776,0.0032272727272727314,0.26,0.09333181818181818
2023-10-31,-0.0013,0.0019,0.0062,0.0059,-0.0151,-0.006,-0.0171,-0.0174,0.0051,0.0038,-0.004,0.0006,0.0005,-0.0219804052600026,0.0015409090909090928,1.73,0.09465909090909089
2023-11-30,0.0146,0.0061,0.0197,0.0192,0.0237,0.0137,0.0273,0.0159,0.0137,-0.0078,0.0372,-0.0295,0.002,0.0891786927942057,0.00037142857142857116,2.75,0.08723809523809523
2023-12-31,0.007,0.0156,0.0066,0.0051,0.0253,0.0158,0.0277,0.0255,0.0094,0.0137,0.0084,-0.0049,-0.008,0.0442293507960971,0.001818181818181816,-5.53,0.08789090909090908
